timestamp	relative_time_s	power_total_W	max_num_seqs	num_gpus	folder_name
1763561240	0.05985927582	4650.867	512	8	num_gpus+8+max_num_seqs+512+num_request_repeats+1+dataset_split+train+num_requests+1024+seed+48105
1763561240	0.1599140167	5080.079	512	8	num_gpus+8+max_num_seqs+512+num_request_repeats+1+dataset_split+train+num_requests+1024+seed+48105
1763561240	0.2599766254	4492.863	512	8	num_gpus+8+max_num_seqs+512+num_request_repeats+1+dataset_split+train+num_requests+1024+seed+48105
1763561240	0.3600354195	4831.03	512	8	num_gpus+8+max_num_seqs+512+num_request_repeats+1+dataset_split+train+num_requests+1024+seed+48105
1763561241	0.4600942135	4772.586	512	8	num_gpus+8+max_num_seqs+512+num_request_repeats+1+dataset_split+train+num_requests+1024+seed+48105
1763561241	0.5601499081	4748.437	512	8	num_gpus+8+max_num_seqs+512+num_request_repeats+1+dataset_split+train+num_requests+1024+seed+48105
1763561241	0.6602091789	4499.552	512	8	num_gpus+8+max_num_seqs+512+num_request_repeats+1+dataset_split+train+num_requests+1024+seed+48105
1763561241	0.7602698803	5106.042	512	8	num_gpus+8+max_num_seqs+512+num_request_repeats+1+dataset_split+train+num_requests+1024+seed+48105
1763561241	0.8603270054	4607.631	512	8	num_gpus+8+max_num_seqs+512+num_request_repeats+1+dataset_split+train+num_requests+1024+seed+48105
1763561241	0.9603829384	5119.511	512	8	num_gpus+8+max_num_seqs+512+num_request_repeats+1+dataset_split+train+num_requests+1024+seed+48105
1763561241	1.06044054	5125.778	512	8	num_gpus+8+max_num_seqs+512+num_request_repeats+1+dataset_split+train+num_requests+1024+seed+48105
1763561241	1.160497427	5320.752	512	8	num_gpus+8+max_num_seqs+512+num_request_repeats+1+dataset_split+train+num_requests+1024+seed+48105
1763561241	1.26056385	4730.707	512	8	num_gpus+8+max_num_seqs+512+num_request_repeats+1+dataset_split+train+num_requests+1024+seed+48105
1763561241	1.360622644	4876.386	512	8	num_gpus+8+max_num_seqs+512+num_request_repeats+1+dataset_split+train+num_requests+1024+seed+48105
1763561242	1.460681915	4781.192	512	8	num_gpus+8+max_num_seqs+512+num_request_repeats+1+dataset_split+train+num_requests+1024+seed+48105
1763561242	1.560741663	4676.941	512	8	num_gpus+8+max_num_seqs+512+num_request_repeats+1+dataset_split+train+num_requests+1024+seed+48105
1763561242	1.660799742	4820.097	512	8	num_gpus+8+max_num_seqs+512+num_request_repeats+1+dataset_split+train+num_requests+1024+seed+48105
1763561242	1.760857344	5150.963	512	8	num_gpus+8+max_num_seqs+512+num_request_repeats+1+dataset_split+train+num_requests+1024+seed+48105
1763561242	1.860914469	5181.408	512	8	num_gpus+8+max_num_seqs+512+num_request_repeats+1+dataset_split+train+num_requests+1024+seed+48105
1763561242	1.960978746	4428.704	512	8	num_gpus+8+max_num_seqs+512+num_request_repeats+1+dataset_split+train+num_requests+1024+seed+48105
1763561242	2.06105113	4359.253	512	8	num_gpus+8+max_num_seqs+512+num_request_repeats+1+dataset_split+train+num_requests+1024+seed+48105
1763561242	2.161112309	4551.202	512	8	num_gpus+8+max_num_seqs+512+num_request_repeats+1+dataset_split+train+num_requests+1024+seed+48105
1763561242	2.261174202	4769.863	512	8	num_gpus+8+max_num_seqs+512+num_request_repeats+1+dataset_split+train+num_requests+1024+seed+48105
1763561243	2.361231565	4752.083	512	8	num_gpus+8+max_num_seqs+512+num_request_repeats+1+dataset_split+train+num_requests+1024+seed+48105
1763561243	2.461290598	4840.815	512	8	num_gpus+8+max_num_seqs+512+num_request_repeats+1+dataset_split+train+num_requests+1024+seed+48105
1763561243	2.561351299	4793.555	512	8	num_gpus+8+max_num_seqs+512+num_request_repeats+1+dataset_split+train+num_requests+1024+seed+48105
1763561243	2.661407948	4720.158	512	8	num_gpus+8+max_num_seqs+512+num_request_repeats+1+dataset_split+train+num_requests+1024+seed+48105
1763561243	2.761477232	4584.14	512	8	num_gpus+8+max_num_seqs+512+num_request_repeats+1+dataset_split+train+num_requests+1024+seed+48105
1763561243	2.86153698	4354.883	512	8	num_gpus+8+max_num_seqs+512+num_request_repeats+1+dataset_split+train+num_requests+1024+seed+48105
1763561243	2.961602449	4590.545	512	8	num_gpus+8+max_num_seqs+512+num_request_repeats+1+dataset_split+train+num_requests+1024+seed+48105
1763561243	3.061664343	4969.035	512	8	num_gpus+8+max_num_seqs+512+num_request_repeats+1+dataset_split+train+num_requests+1024+seed+48105
1763561243	3.161722898	4901.602	512	8	num_gpus+8+max_num_seqs+512+num_request_repeats+1+dataset_split+train+num_requests+1024+seed+48105
1763561243	3.261782408	4863.313	512	8	num_gpus+8+max_num_seqs+512+num_request_repeats+1+dataset_split+train+num_requests+1024+seed+48105
1763561244	3.361844063	4842.938	512	8	num_gpus+8+max_num_seqs+512+num_request_repeats+1+dataset_split+train+num_requests+1024+seed+48105
1763561244	3.461902618	4684.355	512	8	num_gpus+8+max_num_seqs+512+num_request_repeats+1+dataset_split+train+num_requests+1024+seed+48105
1763561244	3.561962605	4825.039	512	8	num_gpus+8+max_num_seqs+512+num_request_repeats+1+dataset_split+train+num_requests+1024+seed+48105
1763561244	3.662020683	4514.215	512	8	num_gpus+8+max_num_seqs+512+num_request_repeats+1+dataset_split+train+num_requests+1024+seed+48105
1763561244	3.762083292	4283.033	512	8	num_gpus+8+max_num_seqs+512+num_request_repeats+1+dataset_split+train+num_requests+1024+seed+48105
1763561244	3.862156391	4311.127	512	8	num_gpus+8+max_num_seqs+512+num_request_repeats+1+dataset_split+train+num_requests+1024+seed+48105
1763561244	3.962216139	4631.013	512	8	num_gpus+8+max_num_seqs+512+num_request_repeats+1+dataset_split+train+num_requests+1024+seed+48105
1763561244	4.062275171	4592.93	512	8	num_gpus+8+max_num_seqs+512+num_request_repeats+1+dataset_split+train+num_requests+1024+seed+48105
1763561244	4.162337065	4865.79	512	8	num_gpus+8+max_num_seqs+512+num_request_repeats+1+dataset_split+train+num_requests+1024+seed+48105
1763561244	4.262403727	4488.076	512	8	num_gpus+8+max_num_seqs+512+num_request_repeats+1+dataset_split+train+num_requests+1024+seed+48105
1763561245	4.362466335	4822.247	512	8	num_gpus+8+max_num_seqs+512+num_request_repeats+1+dataset_split+train+num_requests+1024+seed+48105
1763561245	4.462524414	4738.291	512	8	num_gpus+8+max_num_seqs+512+num_request_repeats+1+dataset_split+train+num_requests+1024+seed+48105
1763561245	4.562587738	4937.003	512	8	num_gpus+8+max_num_seqs+512+num_request_repeats+1+dataset_split+train+num_requests+1024+seed+48105
1763561245	4.662648201	4494.938	512	8	num_gpus+8+max_num_seqs+512+num_request_repeats+1+dataset_split+train+num_requests+1024+seed+48105
1763561245	4.762709856	4531.233	512	8	num_gpus+8+max_num_seqs+512+num_request_repeats+1+dataset_split+train+num_requests+1024+seed+48105
1763561245	4.862771511	4411.581	512	8	num_gpus+8+max_num_seqs+512+num_request_repeats+1+dataset_split+train+num_requests+1024+seed+48105
1763561245	4.962830067	4319.97	512	8	num_gpus+8+max_num_seqs+512+num_request_repeats+1+dataset_split+train+num_requests+1024+seed+48105
1763561245	5.062892914	4389.27	512	8	num_gpus+8+max_num_seqs+512+num_request_repeats+1+dataset_split+train+num_requests+1024+seed+48105
1763561245	5.162951469	4599.307	512	8	num_gpus+8+max_num_seqs+512+num_request_repeats+1+dataset_split+train+num_requests+1024+seed+48105
1763561245	5.263008595	4388.798	512	8	num_gpus+8+max_num_seqs+512+num_request_repeats+1+dataset_split+train+num_requests+1024+seed+48105
1763561246	5.363079309	4534.046	512	8	num_gpus+8+max_num_seqs+512+num_request_repeats+1+dataset_split+train+num_requests+1024+seed+48105
1763561246	5.463141918	4736.11	512	8	num_gpus+8+max_num_seqs+512+num_request_repeats+1+dataset_split+train+num_requests+1024+seed+48105
1763561246	5.563203573	4669.138	512	8	num_gpus+8+max_num_seqs+512+num_request_repeats+1+dataset_split+train+num_requests+1024+seed+48105
1763561246	5.663263559	4738.516	512	8	num_gpus+8+max_num_seqs+512+num_request_repeats+1+dataset_split+train+num_requests+1024+seed+48105
1763561246	5.763324499	4592.241	512	8	num_gpus+8+max_num_seqs+512+num_request_repeats+1+dataset_split+train+num_requests+1024+seed+48105
1763561246	5.863387346	4722.362	512	8	num_gpus+8+max_num_seqs+512+num_request_repeats+1+dataset_split+train+num_requests+1024+seed+48105
1763561246	5.963447332	5244.453	512	8	num_gpus+8+max_num_seqs+512+num_request_repeats+1+dataset_split+train+num_requests+1024+seed+48105
1763561246	6.063512325	4620.605	512	8	num_gpus+8+max_num_seqs+512+num_request_repeats+1+dataset_split+train+num_requests+1024+seed+48105
1763561246	6.163572788	4450.35	512	8	num_gpus+8+max_num_seqs+512+num_request_repeats+1+dataset_split+train+num_requests+1024+seed+48105
1763561246	6.263632059	4816.515	512	8	num_gpus+8+max_num_seqs+512+num_request_repeats+1+dataset_split+train+num_requests+1024+seed+48105
1763561247	6.363691092	4733.614	512	8	num_gpus+8+max_num_seqs+512+num_request_repeats+1+dataset_split+train+num_requests+1024+seed+48105
1763561247	6.463749886	4537.13	512	8	num_gpus+8+max_num_seqs+512+num_request_repeats+1+dataset_split+train+num_requests+1024+seed+48105
1763561247	6.563807249	4335.907	512	8	num_gpus+8+max_num_seqs+512+num_request_repeats+1+dataset_split+train+num_requests+1024+seed+48105
1763561247	6.663864613	4352.829	512	8	num_gpus+8+max_num_seqs+512+num_request_repeats+1+dataset_split+train+num_requests+1024+seed+48105
1763561247	6.76392293	4567.072	512	8	num_gpus+8+max_num_seqs+512+num_request_repeats+1+dataset_split+train+num_requests+1024+seed+48105
1763561247	6.863983631	4399.132	512	8	num_gpus+8+max_num_seqs+512+num_request_repeats+1+dataset_split+train+num_requests+1024+seed+48105
1763561247	6.964041948	4123.318	512	8	num_gpus+8+max_num_seqs+512+num_request_repeats+1+dataset_split+train+num_requests+1024+seed+48105
1763561247	7.064100981	4460.521	512	8	num_gpus+8+max_num_seqs+512+num_request_repeats+1+dataset_split+train+num_requests+1024+seed+48105
1763561247	7.164159775	4487.925	512	8	num_gpus+8+max_num_seqs+512+num_request_repeats+1+dataset_split+train+num_requests+1024+seed+48105
1763561247	7.264217138	4635.023	512	8	num_gpus+8+max_num_seqs+512+num_request_repeats+1+dataset_split+train+num_requests+1024+seed+48105
1763561248	7.36427331	4921.281	512	8	num_gpus+8+max_num_seqs+512+num_request_repeats+1+dataset_split+train+num_requests+1024+seed+48105
1763561248	7.46433115	5242.868	512	8	num_gpus+8+max_num_seqs+512+num_request_repeats+1+dataset_split+train+num_requests+1024+seed+48105
1763561248	7.564389229	5072.111	512	8	num_gpus+8+max_num_seqs+512+num_request_repeats+1+dataset_split+train+num_requests+1024+seed+48105
1763561248	7.664447784	4683.371	512	8	num_gpus+8+max_num_seqs+512+num_request_repeats+1+dataset_split+train+num_requests+1024+seed+48105
1763561248	7.76450491	4538.919	512	8	num_gpus+8+max_num_seqs+512+num_request_repeats+1+dataset_split+train+num_requests+1024+seed+48105
1763561248	7.864560604	4423.719	512	8	num_gpus+8+max_num_seqs+512+num_request_repeats+1+dataset_split+train+num_requests+1024+seed+48105
1763561248	7.964618444	4555.759	512	8	num_gpus+8+max_num_seqs+512+num_request_repeats+1+dataset_split+train+num_requests+1024+seed+48105
1763561248	8.064676285	4787.658	512	8	num_gpus+8+max_num_seqs+512+num_request_repeats+1+dataset_split+train+num_requests+1024+seed+48105
1763561248	8.164735794	4876.989	512	8	num_gpus+8+max_num_seqs+512+num_request_repeats+1+dataset_split+train+num_requests+1024+seed+48105
1763561248	8.264793634	4824.931	512	8	num_gpus+8+max_num_seqs+512+num_request_repeats+1+dataset_split+train+num_requests+1024+seed+48105
1763561249	8.364851952	4819.959	512	8	num_gpus+8+max_num_seqs+512+num_request_repeats+1+dataset_split+train+num_requests+1024+seed+48105
1763561249	8.464910984	4857.567	512	8	num_gpus+8+max_num_seqs+512+num_request_repeats+1+dataset_split+train+num_requests+1024+seed+48105
1763561249	8.564971924	4798.261	512	8	num_gpus+8+max_num_seqs+512+num_request_repeats+1+dataset_split+train+num_requests+1024+seed+48105
1763561249	8.665030003	4753.148	512	8	num_gpus+8+max_num_seqs+512+num_request_repeats+1+dataset_split+train+num_requests+1024+seed+48105
1763561249	8.765088797	4966.063	512	8	num_gpus+8+max_num_seqs+512+num_request_repeats+1+dataset_split+train+num_requests+1024+seed+48105
1763561249	8.865146875	4525.062	512	8	num_gpus+8+max_num_seqs+512+num_request_repeats+1+dataset_split+train+num_requests+1024+seed+48105
1763561249	8.965205431	4571.925	512	8	num_gpus+8+max_num_seqs+512+num_request_repeats+1+dataset_split+train+num_requests+1024+seed+48105
1763561249	9.065263748	4615.747	512	8	num_gpus+8+max_num_seqs+512+num_request_repeats+1+dataset_split+train+num_requests+1024+seed+48105
1763561249	9.165322065	4634.468	512	8	num_gpus+8+max_num_seqs+512+num_request_repeats+1+dataset_split+train+num_requests+1024+seed+48105
1763561249	9.265393972	4772.481	512	8	num_gpus+8+max_num_seqs+512+num_request_repeats+1+dataset_split+train+num_requests+1024+seed+48105
1763561250	9.365451574	4867.934	512	8	num_gpus+8+max_num_seqs+512+num_request_repeats+1+dataset_split+train+num_requests+1024+seed+48105
1763561250	9.465511799	5105.365	512	8	num_gpus+8+max_num_seqs+512+num_request_repeats+1+dataset_split+train+num_requests+1024+seed+48105
1763561250	9.565571547	5001.897	512	8	num_gpus+8+max_num_seqs+512+num_request_repeats+1+dataset_split+train+num_requests+1024+seed+48105
1763561250	9.665627241	4815.299	512	8	num_gpus+8+max_num_seqs+512+num_request_repeats+1+dataset_split+train+num_requests+1024+seed+48105
1763561250	9.76568532	4707.082	512	8	num_gpus+8+max_num_seqs+512+num_request_repeats+1+dataset_split+train+num_requests+1024+seed+48105
1763561250	9.865741253	4831.087	512	8	num_gpus+8+max_num_seqs+512+num_request_repeats+1+dataset_split+train+num_requests+1024+seed+48105
1763561250	9.965796709	4842.67	512	8	num_gpus+8+max_num_seqs+512+num_request_repeats+1+dataset_split+train+num_requests+1024+seed+48105
1763561250	10.06585145	4874.795	512	8	num_gpus+8+max_num_seqs+512+num_request_repeats+1+dataset_split+train+num_requests+1024+seed+48105
1763561250	10.16590858	4801.83	512	8	num_gpus+8+max_num_seqs+512+num_request_repeats+1+dataset_split+train+num_requests+1024+seed+48105
1763561250	10.26596618	4869.367	512	8	num_gpus+8+max_num_seqs+512+num_request_repeats+1+dataset_split+train+num_requests+1024+seed+48105
1763561251	10.36602235	4739.048	512	8	num_gpus+8+max_num_seqs+512+num_request_repeats+1+dataset_split+train+num_requests+1024+seed+48105
1763561251	10.46607947	4688.417	512	8	num_gpus+8+max_num_seqs+512+num_request_repeats+1+dataset_split+train+num_requests+1024+seed+48105
1763561251	10.56613636	4872.318	512	8	num_gpus+8+max_num_seqs+512+num_request_repeats+1+dataset_split+train+num_requests+1024+seed+48105
1763561251	10.66619444	4758.932	512	8	num_gpus+8+max_num_seqs+512+num_request_repeats+1+dataset_split+train+num_requests+1024+seed+48105
1763561251	10.7662518	4804.949	512	8	num_gpus+8+max_num_seqs+512+num_request_repeats+1+dataset_split+train+num_requests+1024+seed+48105
1763561251	10.86630917	4777.835	512	8	num_gpus+8+max_num_seqs+512+num_request_repeats+1+dataset_split+train+num_requests+1024+seed+48105
1763561251	10.96636462	4768.501	512	8	num_gpus+8+max_num_seqs+512+num_request_repeats+1+dataset_split+train+num_requests+1024+seed+48105
1763561251	11.1664772	4785.43	512	8	num_gpus+8+max_num_seqs+512+num_request_repeats+1+dataset_split+train+num_requests+1024+seed+48105
1763561251	11.26653242	4919.784	512	8	num_gpus+8+max_num_seqs+512+num_request_repeats+1+dataset_split+train+num_requests+1024+seed+48105
1763561252	11.36658931	5296.812	512	8	num_gpus+8+max_num_seqs+512+num_request_repeats+1+dataset_split+train+num_requests+1024+seed+48105
1763561252	11.5666883	5365.89	512	8	num_gpus+8+max_num_seqs+512+num_request_repeats+1+dataset_split+train+num_requests+1024+seed+48105
1763561252	11.66674733	5432.153	512	8	num_gpus+8+max_num_seqs+512+num_request_repeats+1+dataset_split+train+num_requests+1024+seed+48105
1763561252	11.76680374	5504.372	512	8	num_gpus+8+max_num_seqs+512+num_request_repeats+1+dataset_split+train+num_requests+1024+seed+48105
1763561252	11.86686468	5586.322	512	8	num_gpus+8+max_num_seqs+512+num_request_repeats+1+dataset_split+train+num_requests+1024+seed+48105
1763561252	11.966923	5071.323	512	8	num_gpus+8+max_num_seqs+512+num_request_repeats+1+dataset_split+train+num_requests+1024+seed+48105
1763561252	12.06698203	5193.241	512	8	num_gpus+8+max_num_seqs+512+num_request_repeats+1+dataset_split+train+num_requests+1024+seed+48105
1763561252	12.1670475	5303.473	512	8	num_gpus+8+max_num_seqs+512+num_request_repeats+1+dataset_split+train+num_requests+1024+seed+48105
1763561252	12.2671051	5137.86	512	8	num_gpus+8+max_num_seqs+512+num_request_repeats+1+dataset_split+train+num_requests+1024+seed+48105
1763561253	12.36716461	5187.842	512	8	num_gpus+8+max_num_seqs+512+num_request_repeats+1+dataset_split+train+num_requests+1024+seed+48105
1763561253	12.46722102	4806.169	512	8	num_gpus+8+max_num_seqs+512+num_request_repeats+1+dataset_split+train+num_requests+1024+seed+48105
1763561253	12.56727624	5422.218	512	8	num_gpus+8+max_num_seqs+512+num_request_repeats+1+dataset_split+train+num_requests+1024+seed+48105
1763561253	12.66733408	5236.545	512	8	num_gpus+8+max_num_seqs+512+num_request_repeats+1+dataset_split+train+num_requests+1024+seed+48105
1763561253	12.76739097	5386.536	512	8	num_gpus+8+max_num_seqs+512+num_request_repeats+1+dataset_split+train+num_requests+1024+seed+48105
1763561253	12.86744833	5311.423	512	8	num_gpus+8+max_num_seqs+512+num_request_repeats+1+dataset_split+train+num_requests+1024+seed+48105
1763561253	12.96750712	4593.065	512	8	num_gpus+8+max_num_seqs+512+num_request_repeats+1+dataset_split+train+num_requests+1024+seed+48105
1763561253	13.06756616	4604.059	512	8	num_gpus+8+max_num_seqs+512+num_request_repeats+1+dataset_split+train+num_requests+1024+seed+48105
1763561253	13.16762352	4986.34	512	8	num_gpus+8+max_num_seqs+512+num_request_repeats+1+dataset_split+train+num_requests+1024+seed+48105
1763561253	13.26767969	5219.253	512	8	num_gpus+8+max_num_seqs+512+num_request_repeats+1+dataset_split+train+num_requests+1024+seed+48105
1763561254	13.36773825	4642.535	512	8	num_gpus+8+max_num_seqs+512+num_request_repeats+1+dataset_split+train+num_requests+1024+seed+48105
1763561254	13.46779752	4693.038	512	8	num_gpus+8+max_num_seqs+512+num_request_repeats+1+dataset_split+train+num_requests+1024+seed+48105
1763561254	13.56785321	4608.081	512	8	num_gpus+8+max_num_seqs+512+num_request_repeats+1+dataset_split+train+num_requests+1024+seed+48105
1763561254	13.66790915	4607.309	512	8	num_gpus+8+max_num_seqs+512+num_request_repeats+1+dataset_split+train+num_requests+1024+seed+48105
1763561254	13.76796556	4595.2	512	8	num_gpus+8+max_num_seqs+512+num_request_repeats+1+dataset_split+train+num_requests+1024+seed+48105
1763561254	13.86802149	4572.351	512	8	num_gpus+8+max_num_seqs+512+num_request_repeats+1+dataset_split+train+num_requests+1024+seed+48105
1763561254	13.96807694	4616.454	512	8	num_gpus+8+max_num_seqs+512+num_request_repeats+1+dataset_split+train+num_requests+1024+seed+48105
1763561254	14.06813693	4523.512	512	8	num_gpus+8+max_num_seqs+512+num_request_repeats+1+dataset_split+train+num_requests+1024+seed+48105
1763561254	14.1681962	4499.49	512	8	num_gpus+8+max_num_seqs+512+num_request_repeats+1+dataset_split+train+num_requests+1024+seed+48105
1763561254	14.26825452	4608.188	512	8	num_gpus+8+max_num_seqs+512+num_request_repeats+1+dataset_split+train+num_requests+1024+seed+48105
1763561255	14.3683269	5349.529	512	8	num_gpus+8+max_num_seqs+512+num_request_repeats+1+dataset_split+train+num_requests+1024+seed+48105
1763561255	14.46838641	4999.753	512	8	num_gpus+8+max_num_seqs+512+num_request_repeats+1+dataset_split+train+num_requests+1024+seed+48105
1763561255	14.56844616	4830.725	512	8	num_gpus+8+max_num_seqs+512+num_request_repeats+1+dataset_split+train+num_requests+1024+seed+48105
1763561255	14.66850662	4736.628	512	8	num_gpus+8+max_num_seqs+512+num_request_repeats+1+dataset_split+train+num_requests+1024+seed+48105
1763561255	14.76856589	4786.94	512	8	num_gpus+8+max_num_seqs+512+num_request_repeats+1+dataset_split+train+num_requests+1024+seed+48105
1763561255	14.9686892	4744.907	512	8	num_gpus+8+max_num_seqs+512+num_request_repeats+1+dataset_split+train+num_requests+1024+seed+48105
1763561255	15.06874824	4730.452	512	8	num_gpus+8+max_num_seqs+512+num_request_repeats+1+dataset_split+train+num_requests+1024+seed+48105
1763561255	15.16880679	4721.266	512	8	num_gpus+8+max_num_seqs+512+num_request_repeats+1+dataset_split+train+num_requests+1024+seed+48105
1763561255	15.26886487	4613.507	512	8	num_gpus+8+max_num_seqs+512+num_request_repeats+1+dataset_split+train+num_requests+1024+seed+48105
1763561256	15.36892319	4611.433	512	8	num_gpus+8+max_num_seqs+512+num_request_repeats+1+dataset_split+train+num_requests+1024+seed+48105
1763561256	15.46898222	4544.854	512	8	num_gpus+8+max_num_seqs+512+num_request_repeats+1+dataset_split+train+num_requests+1024+seed+48105
1763561256	15.56904173	4515.591	512	8	num_gpus+8+max_num_seqs+512+num_request_repeats+1+dataset_split+train+num_requests+1024+seed+48105
1763561256	15.66910076	4591.38	512	8	num_gpus+8+max_num_seqs+512+num_request_repeats+1+dataset_split+train+num_requests+1024+seed+48105
1763561256	15.76916122	4849.579	512	8	num_gpus+8+max_num_seqs+512+num_request_repeats+1+dataset_split+train+num_requests+1024+seed+48105
1763561256	15.86922002	4725.917	512	8	num_gpus+8+max_num_seqs+512+num_request_repeats+1+dataset_split+train+num_requests+1024+seed+48105
1763561256	15.96928	4731.082	512	8	num_gpus+8+max_num_seqs+512+num_request_repeats+1+dataset_split+train+num_requests+1024+seed+48105
1763561256	16.06933856	4738.495	512	8	num_gpus+8+max_num_seqs+512+num_request_repeats+1+dataset_split+train+num_requests+1024+seed+48105
1763561256	16.16939592	4752.42	512	8	num_gpus+8+max_num_seqs+512+num_request_repeats+1+dataset_split+train+num_requests+1024+seed+48105
1763561256	16.26945519	4565.432	512	8	num_gpus+8+max_num_seqs+512+num_request_repeats+1+dataset_split+train+num_requests+1024+seed+48105
1763561257	16.3695147	4642.248	512	8	num_gpus+8+max_num_seqs+512+num_request_repeats+1+dataset_split+train+num_requests+1024+seed+48105
1763561257	16.46957254	4626.839	512	8	num_gpus+8+max_num_seqs+512+num_request_repeats+1+dataset_split+train+num_requests+1024+seed+48105
1763561257	16.56962991	4581.49	512	8	num_gpus+8+max_num_seqs+512+num_request_repeats+1+dataset_split+train+num_requests+1024+seed+48105
1763561257	16.66968727	4594.125	512	8	num_gpus+8+max_num_seqs+512+num_request_repeats+1+dataset_split+train+num_requests+1024+seed+48105
1763561257	16.76974607	4581.193	512	8	num_gpus+8+max_num_seqs+512+num_request_repeats+1+dataset_split+train+num_requests+1024+seed+48105
1763561257	16.86980438	4570.326	512	8	num_gpus+8+max_num_seqs+512+num_request_repeats+1+dataset_split+train+num_requests+1024+seed+48105
1763561257	16.96986365	4555.777	512	8	num_gpus+8+max_num_seqs+512+num_request_repeats+1+dataset_split+train+num_requests+1024+seed+48105
1763561257	17.06992269	4543.368	512	8	num_gpus+8+max_num_seqs+512+num_request_repeats+1+dataset_split+train+num_requests+1024+seed+48105
1763561257	17.16998124	4392.026	512	8	num_gpus+8+max_num_seqs+512+num_request_repeats+1+dataset_split+train+num_requests+1024+seed+48105
1763561257	17.2700398	4450.024	512	8	num_gpus+8+max_num_seqs+512+num_request_repeats+1+dataset_split+train+num_requests+1024+seed+48105
1763561258	17.37009811	4276.482	512	8	num_gpus+8+max_num_seqs+512+num_request_repeats+1+dataset_split+train+num_requests+1024+seed+48105
1763561258	17.47015643	4337.35	512	8	num_gpus+8+max_num_seqs+512+num_request_repeats+1+dataset_split+train+num_requests+1024+seed+48105
1763561258	17.57021451	4337.398	512	8	num_gpus+8+max_num_seqs+512+num_request_repeats+1+dataset_split+train+num_requests+1024+seed+48105
1763561258	17.67027164	4304.784	512	8	num_gpus+8+max_num_seqs+512+num_request_repeats+1+dataset_split+train+num_requests+1024+seed+48105
1763561258	17.77032804	4403.602	512	8	num_gpus+8+max_num_seqs+512+num_request_repeats+1+dataset_split+train+num_requests+1024+seed+48105
1763561258	17.87038565	4484.395	512	8	num_gpus+8+max_num_seqs+512+num_request_repeats+1+dataset_split+train+num_requests+1024+seed+48105
1763561258	17.97044253	4508.92	512	8	num_gpus+8+max_num_seqs+512+num_request_repeats+1+dataset_split+train+num_requests+1024+seed+48105
1763561258	18.0704999	4548.368	512	8	num_gpus+8+max_num_seqs+512+num_request_repeats+1+dataset_split+train+num_requests+1024+seed+48105
1763561258	18.17055774	4646.35	512	8	num_gpus+8+max_num_seqs+512+num_request_repeats+1+dataset_split+train+num_requests+1024+seed+48105
1763561258	18.27061486	4587.919	512	8	num_gpus+8+max_num_seqs+512+num_request_repeats+1+dataset_split+train+num_requests+1024+seed+48105
1763561259	18.37067223	4582.973	512	8	num_gpus+8+max_num_seqs+512+num_request_repeats+1+dataset_split+train+num_requests+1024+seed+48105
1763561259	18.47073102	4564.049	512	8	num_gpus+8+max_num_seqs+512+num_request_repeats+1+dataset_split+train+num_requests+1024+seed+48105
1763561259	18.57078862	4636.129	512	8	num_gpus+8+max_num_seqs+512+num_request_repeats+1+dataset_split+train+num_requests+1024+seed+48105
1763561259	18.67084622	4617.333	512	8	num_gpus+8+max_num_seqs+512+num_request_repeats+1+dataset_split+train+num_requests+1024+seed+48105
1763561259	18.77090335	4577.315	512	8	num_gpus+8+max_num_seqs+512+num_request_repeats+1+dataset_split+train+num_requests+1024+seed+48105
1763561259	18.87096119	4587.654	512	8	num_gpus+8+max_num_seqs+512+num_request_repeats+1+dataset_split+train+num_requests+1024+seed+48105
1763561259	18.97101927	4586.686	512	8	num_gpus+8+max_num_seqs+512+num_request_repeats+1+dataset_split+train+num_requests+1024+seed+48105
1763561259	19.07107687	4595.212	512	8	num_gpus+8+max_num_seqs+512+num_request_repeats+1+dataset_split+train+num_requests+1024+seed+48105
1763561259	19.17113423	4471.842	512	8	num_gpus+8+max_num_seqs+512+num_request_repeats+1+dataset_split+train+num_requests+1024+seed+48105
1763561259	19.27119255	4465.16	512	8	num_gpus+8+max_num_seqs+512+num_request_repeats+1+dataset_split+train+num_requests+1024+seed+48105
1763561260	19.37125039	4426.475	512	8	num_gpus+8+max_num_seqs+512+num_request_repeats+1+dataset_split+train+num_requests+1024+seed+48105
1763561260	19.47130823	4293.989	512	8	num_gpus+8+max_num_seqs+512+num_request_repeats+1+dataset_split+train+num_requests+1024+seed+48105
1763561260	19.57136536	4353.286	512	8	num_gpus+8+max_num_seqs+512+num_request_repeats+1+dataset_split+train+num_requests+1024+seed+48105
1763561260	19.67142272	4450.802	512	8	num_gpus+8+max_num_seqs+512+num_request_repeats+1+dataset_split+train+num_requests+1024+seed+48105
1763561260	19.7714808	4373.051	512	8	num_gpus+8+max_num_seqs+512+num_request_repeats+1+dataset_split+train+num_requests+1024+seed+48105
1763561260	19.87153935	4207.565	512	8	num_gpus+8+max_num_seqs+512+num_request_repeats+1+dataset_split+train+num_requests+1024+seed+48105
1763561260	19.97159743	4223.468	512	8	num_gpus+8+max_num_seqs+512+num_request_repeats+1+dataset_split+train+num_requests+1024+seed+48105
1763561260	20.07165718	4463.429	512	8	num_gpus+8+max_num_seqs+512+num_request_repeats+1+dataset_split+train+num_requests+1024+seed+48105
1763561260	20.17171717	4340.403	512	8	num_gpus+8+max_num_seqs+512+num_request_repeats+1+dataset_split+train+num_requests+1024+seed+48105
1763561260	20.27177691	4322.377	512	8	num_gpus+8+max_num_seqs+512+num_request_repeats+1+dataset_split+train+num_requests+1024+seed+48105
1763561261	20.37183547	4334.343	512	8	num_gpus+8+max_num_seqs+512+num_request_repeats+1+dataset_split+train+num_requests+1024+seed+48105
1763561261	20.47189379	4459.166	512	8	num_gpus+8+max_num_seqs+512+num_request_repeats+1+dataset_split+train+num_requests+1024+seed+48105
1763561261	20.57195234	4539.933	512	8	num_gpus+8+max_num_seqs+512+num_request_repeats+1+dataset_split+train+num_requests+1024+seed+48105
1763561261	20.67201114	4333.188	512	8	num_gpus+8+max_num_seqs+512+num_request_repeats+1+dataset_split+train+num_requests+1024+seed+48105
1763561261	20.77207232	4436.476	512	8	num_gpus+8+max_num_seqs+512+num_request_repeats+1+dataset_split+train+num_requests+1024+seed+48105
1763561261	20.87213373	4525.763	512	8	num_gpus+8+max_num_seqs+512+num_request_repeats+1+dataset_split+train+num_requests+1024+seed+48105
1763561261	20.97219372	4434.236	512	8	num_gpus+8+max_num_seqs+512+num_request_repeats+1+dataset_split+train+num_requests+1024+seed+48105
1763561261	21.07225251	4421.132	512	8	num_gpus+8+max_num_seqs+512+num_request_repeats+1+dataset_split+train+num_requests+1024+seed+48105
1763561261	21.17231154	4447.871	512	8	num_gpus+8+max_num_seqs+512+num_request_repeats+1+dataset_split+train+num_requests+1024+seed+48105
1763561261	21.27237058	4545.008	512	8	num_gpus+8+max_num_seqs+512+num_request_repeats+1+dataset_split+train+num_requests+1024+seed+48105
1763561262	21.37242913	5133.599	512	8	num_gpus+8+max_num_seqs+512+num_request_repeats+1+dataset_split+train+num_requests+1024+seed+48105
1763561262	21.47248793	5329.133	512	8	num_gpus+8+max_num_seqs+512+num_request_repeats+1+dataset_split+train+num_requests+1024+seed+48105
1763561262	21.57254601	4955.806	512	8	num_gpus+8+max_num_seqs+512+num_request_repeats+1+dataset_split+train+num_requests+1024+seed+48105
1763561262	21.67260385	4595.05	512	8	num_gpus+8+max_num_seqs+512+num_request_repeats+1+dataset_split+train+num_requests+1024+seed+48105
1763561262	21.77267027	4642.514	512	8	num_gpus+8+max_num_seqs+512+num_request_repeats+1+dataset_split+train+num_requests+1024+seed+48105
1763561262	21.87272906	4695	512	8	num_gpus+8+max_num_seqs+512+num_request_repeats+1+dataset_split+train+num_requests+1024+seed+48105
1763561262	21.97278666	4752.123	512	8	num_gpus+8+max_num_seqs+512+num_request_repeats+1+dataset_split+train+num_requests+1024+seed+48105
1763561262	22.07284403	4729.238	512	8	num_gpus+8+max_num_seqs+512+num_request_repeats+1+dataset_split+train+num_requests+1024+seed+48105
1763561262	22.17290235	4710.169	512	8	num_gpus+8+max_num_seqs+512+num_request_repeats+1+dataset_split+train+num_requests+1024+seed+48105
1763561262	22.27296019	4720.614	512	8	num_gpus+8+max_num_seqs+512+num_request_repeats+1+dataset_split+train+num_requests+1024+seed+48105
1763561263	22.37301755	4747.686	512	8	num_gpus+8+max_num_seqs+512+num_request_repeats+1+dataset_split+train+num_requests+1024+seed+48105
1763561263	22.47307539	4609.875	512	8	num_gpus+8+max_num_seqs+512+num_request_repeats+1+dataset_split+train+num_requests+1024+seed+48105
1763561263	22.57313299	4608.73	512	8	num_gpus+8+max_num_seqs+512+num_request_repeats+1+dataset_split+train+num_requests+1024+seed+48105
1763561263	22.67319012	4572.865	512	8	num_gpus+8+max_num_seqs+512+num_request_repeats+1+dataset_split+train+num_requests+1024+seed+48105
1763561263	22.77324796	4503.503	512	8	num_gpus+8+max_num_seqs+512+num_request_repeats+1+dataset_split+train+num_requests+1024+seed+48105
1763561263	22.87330651	4490.603	512	8	num_gpus+8+max_num_seqs+512+num_request_repeats+1+dataset_split+train+num_requests+1024+seed+48105
1763561263	22.97336602	4476.984	512	8	num_gpus+8+max_num_seqs+512+num_request_repeats+1+dataset_split+train+num_requests+1024+seed+48105
1763561263	23.07342386	4463.534	512	8	num_gpus+8+max_num_seqs+512+num_request_repeats+1+dataset_split+train+num_requests+1024+seed+48105
1763561263	23.17348218	4442.665	512	8	num_gpus+8+max_num_seqs+512+num_request_repeats+1+dataset_split+train+num_requests+1024+seed+48105
1763561263	23.27354002	4382.372	512	8	num_gpus+8+max_num_seqs+512+num_request_repeats+1+dataset_split+train+num_requests+1024+seed+48105
1763561264	23.37359762	4399.391	512	8	num_gpus+8+max_num_seqs+512+num_request_repeats+1+dataset_split+train+num_requests+1024+seed+48105
1763561264	23.47365308	4428.09	512	8	num_gpus+8+max_num_seqs+512+num_request_repeats+1+dataset_split+train+num_requests+1024+seed+48105
1763561264	23.67376399	4396.835	512	8	num_gpus+8+max_num_seqs+512+num_request_repeats+1+dataset_split+train+num_requests+1024+seed+48105
1763561264	23.77382159	4466.006	512	8	num_gpus+8+max_num_seqs+512+num_request_repeats+1+dataset_split+train+num_requests+1024+seed+48105
1763561264	23.87388134	4371.831	512	8	num_gpus+8+max_num_seqs+512+num_request_repeats+1+dataset_split+train+num_requests+1024+seed+48105
1763561264	23.97394156	4541.142	512	8	num_gpus+8+max_num_seqs+512+num_request_repeats+1+dataset_split+train+num_requests+1024+seed+48105
1763561264	24.17405915	4589.51	512	8	num_gpus+8+max_num_seqs+512+num_request_repeats+1+dataset_split+train+num_requests+1024+seed+48105
1763561264	24.27411723	4593.629	512	8	num_gpus+8+max_num_seqs+512+num_request_repeats+1+dataset_split+train+num_requests+1024+seed+48105
1763561265	24.37417459	5359.405	512	8	num_gpus+8+max_num_seqs+512+num_request_repeats+1+dataset_split+train+num_requests+1024+seed+48105
1763561265	24.47422886	5484.5	512	8	num_gpus+8+max_num_seqs+512+num_request_repeats+1+dataset_split+train+num_requests+1024+seed+48105
1763561265	24.57428646	5448.883	512	8	num_gpus+8+max_num_seqs+512+num_request_repeats+1+dataset_split+train+num_requests+1024+seed+48105
1763561265	24.67434072	5568.902	512	8	num_gpus+8+max_num_seqs+512+num_request_repeats+1+dataset_split+train+num_requests+1024+seed+48105
1763561265	24.7743988	5578.091	512	8	num_gpus+8+max_num_seqs+512+num_request_repeats+1+dataset_split+train+num_requests+1024+seed+48105
1763561265	24.87445498	5283.504	512	8	num_gpus+8+max_num_seqs+512+num_request_repeats+1+dataset_split+train+num_requests+1024+seed+48105
1763561265	24.97450924	5311.538	512	8	num_gpus+8+max_num_seqs+512+num_request_repeats+1+dataset_split+train+num_requests+1024+seed+48105
1763561265	25.0745666	5496.901	512	8	num_gpus+8+max_num_seqs+512+num_request_repeats+1+dataset_split+train+num_requests+1024+seed+48105
1763561265	25.17462373	5460.43	512	8	num_gpus+8+max_num_seqs+512+num_request_repeats+1+dataset_split+train+num_requests+1024+seed+48105
1763561265	25.27468133	5479.838	512	8	num_gpus+8+max_num_seqs+512+num_request_repeats+1+dataset_split+train+num_requests+1024+seed+48105
1763561266	25.37473917	5314.22	512	8	num_gpus+8+max_num_seqs+512+num_request_repeats+1+dataset_split+train+num_requests+1024+seed+48105
1763561266	25.47479677	5565.609	512	8	num_gpus+8+max_num_seqs+512+num_request_repeats+1+dataset_split+train+num_requests+1024+seed+48105
1763561266	25.57485604	5345.229	512	8	num_gpus+8+max_num_seqs+512+num_request_repeats+1+dataset_split+train+num_requests+1024+seed+48105
1763561266	25.67491412	5455.333	512	8	num_gpus+8+max_num_seqs+512+num_request_repeats+1+dataset_split+train+num_requests+1024+seed+48105
1763561266	25.77497196	5417.079	512	8	num_gpus+8+max_num_seqs+512+num_request_repeats+1+dataset_split+train+num_requests+1024+seed+48105
1763561266	25.87502956	5307.152	512	8	num_gpus+8+max_num_seqs+512+num_request_repeats+1+dataset_split+train+num_requests+1024+seed+48105
1763561266	25.97508883	5393.793	512	8	num_gpus+8+max_num_seqs+512+num_request_repeats+1+dataset_split+train+num_requests+1024+seed+48105
1763561266	26.07514739	4516.449	512	8	num_gpus+8+max_num_seqs+512+num_request_repeats+1+dataset_split+train+num_requests+1024+seed+48105
1763561266	26.17520666	4753.096	512	8	num_gpus+8+max_num_seqs+512+num_request_repeats+1+dataset_split+train+num_requests+1024+seed+48105
1763561266	26.27526617	4539.904	512	8	num_gpus+8+max_num_seqs+512+num_request_repeats+1+dataset_split+train+num_requests+1024+seed+48105
1763561267	26.37532306	4528.229	512	8	num_gpus+8+max_num_seqs+512+num_request_repeats+1+dataset_split+train+num_requests+1024+seed+48105
1763561267	26.47538161	4553.399	512	8	num_gpus+8+max_num_seqs+512+num_request_repeats+1+dataset_split+train+num_requests+1024+seed+48105
1763561267	26.57544065	4682.1	512	8	num_gpus+8+max_num_seqs+512+num_request_repeats+1+dataset_split+train+num_requests+1024+seed+48105
1763561267	26.67549849	4541.643	512	8	num_gpus+8+max_num_seqs+512+num_request_repeats+1+dataset_split+train+num_requests+1024+seed+48105
1763561267	26.77555466	4628.945	512	8	num_gpus+8+max_num_seqs+512+num_request_repeats+1+dataset_split+train+num_requests+1024+seed+48105
1763561267	26.87561297	4656.665	512	8	num_gpus+8+max_num_seqs+512+num_request_repeats+1+dataset_split+train+num_requests+1024+seed+48105
1763561267	26.97567129	5143.588	512	8	num_gpus+8+max_num_seqs+512+num_request_repeats+1+dataset_split+train+num_requests+1024+seed+48105
1763561267	27.07572722	5068.516	512	8	num_gpus+8+max_num_seqs+512+num_request_repeats+1+dataset_split+train+num_requests+1024+seed+48105
1763561267	27.17578554	4425.167	512	8	num_gpus+8+max_num_seqs+512+num_request_repeats+1+dataset_split+train+num_requests+1024+seed+48105
1763561267	27.27584362	4475.811	512	8	num_gpus+8+max_num_seqs+512+num_request_repeats+1+dataset_split+train+num_requests+1024+seed+48105
1763561268	27.37590337	4747.561	512	8	num_gpus+8+max_num_seqs+512+num_request_repeats+1+dataset_split+train+num_requests+1024+seed+48105
1763561268	27.47596169	4724.1	512	8	num_gpus+8+max_num_seqs+512+num_request_repeats+1+dataset_split+train+num_requests+1024+seed+48105
1763561268	27.57602119	5005.27	512	8	num_gpus+8+max_num_seqs+512+num_request_repeats+1+dataset_split+train+num_requests+1024+seed+48105
1763561268	27.67607999	4768.038	512	8	num_gpus+8+max_num_seqs+512+num_request_repeats+1+dataset_split+train+num_requests+1024+seed+48105
1763561268	27.77613711	5370.576	512	8	num_gpus+8+max_num_seqs+512+num_request_repeats+1+dataset_split+train+num_requests+1024+seed+48105
1763561268	27.87619662	5321.78	512	8	num_gpus+8+max_num_seqs+512+num_request_repeats+1+dataset_split+train+num_requests+1024+seed+48105
1763561268	27.97625494	5041.173	512	8	num_gpus+8+max_num_seqs+512+num_request_repeats+1+dataset_split+train+num_requests+1024+seed+48105
1763561268	28.0763135	4641.006	512	8	num_gpus+8+max_num_seqs+512+num_request_repeats+1+dataset_split+train+num_requests+1024+seed+48105
1763561268	28.17637062	4753.897	512	8	num_gpus+8+max_num_seqs+512+num_request_repeats+1+dataset_split+train+num_requests+1024+seed+48105
1763561268	28.27642751	4744.345	512	8	num_gpus+8+max_num_seqs+512+num_request_repeats+1+dataset_split+train+num_requests+1024+seed+48105
1763561269	28.37648582	4757.655	512	8	num_gpus+8+max_num_seqs+512+num_request_repeats+1+dataset_split+train+num_requests+1024+seed+48105
1763561269	28.47654176	5172.619	512	8	num_gpus+8+max_num_seqs+512+num_request_repeats+1+dataset_split+train+num_requests+1024+seed+48105
1763561269	28.57659912	4810.421	512	8	num_gpus+8+max_num_seqs+512+num_request_repeats+1+dataset_split+train+num_requests+1024+seed+48105
1763561269	28.67665696	4787.611	512	8	num_gpus+8+max_num_seqs+512+num_request_repeats+1+dataset_split+train+num_requests+1024+seed+48105
1763561269	28.77671504	4604.722	512	8	num_gpus+8+max_num_seqs+512+num_request_repeats+1+dataset_split+train+num_requests+1024+seed+48105
1763561269	28.87677312	4721.475	512	8	num_gpus+8+max_num_seqs+512+num_request_repeats+1+dataset_split+train+num_requests+1024+seed+48105
1763561269	28.97683048	4762.687	512	8	num_gpus+8+max_num_seqs+512+num_request_repeats+1+dataset_split+train+num_requests+1024+seed+48105
1763561269	29.07688832	4760.648	512	8	num_gpus+8+max_num_seqs+512+num_request_repeats+1+dataset_split+train+num_requests+1024+seed+48105
1763561269	29.17694497	4828.363	512	8	num_gpus+8+max_num_seqs+512+num_request_repeats+1+dataset_split+train+num_requests+1024+seed+48105
1763561269	29.27700329	4779.132	512	8	num_gpus+8+max_num_seqs+512+num_request_repeats+1+dataset_split+train+num_requests+1024+seed+48105
1763561270	29.37706161	4757.135	512	8	num_gpus+8+max_num_seqs+512+num_request_repeats+1+dataset_split+train+num_requests+1024+seed+48105
1763561270	29.4771204	4760.465	512	8	num_gpus+8+max_num_seqs+512+num_request_repeats+1+dataset_split+train+num_requests+1024+seed+48105
1763561270	29.57717752	4777.309	512	8	num_gpus+8+max_num_seqs+512+num_request_repeats+1+dataset_split+train+num_requests+1024+seed+48105
1763561270	29.67723441	4756.816	512	8	num_gpus+8+max_num_seqs+512+num_request_repeats+1+dataset_split+train+num_requests+1024+seed+48105
1763561270	29.77729321	4718.848	512	8	num_gpus+8+max_num_seqs+512+num_request_repeats+1+dataset_split+train+num_requests+1024+seed+48105
1763561270	29.877352	4709.578	512	8	num_gpus+8+max_num_seqs+512+num_request_repeats+1+dataset_split+train+num_requests+1024+seed+48105
1763561270	29.97741127	4766.637	512	8	num_gpus+8+max_num_seqs+512+num_request_repeats+1+dataset_split+train+num_requests+1024+seed+48105
1763561270	30.07746959	4717.056	512	8	num_gpus+8+max_num_seqs+512+num_request_repeats+1+dataset_split+train+num_requests+1024+seed+48105
1763561270	30.17752576	4778.637	512	8	num_gpus+8+max_num_seqs+512+num_request_repeats+1+dataset_split+train+num_requests+1024+seed+48105
1763561270	30.2775836	4678.603	512	8	num_gpus+8+max_num_seqs+512+num_request_repeats+1+dataset_split+train+num_requests+1024+seed+48105
1763561271	30.3776412	5090.869	512	8	num_gpus+8+max_num_seqs+512+num_request_repeats+1+dataset_split+train+num_requests+1024+seed+48105
1763561271	30.4776988	5162.847	512	8	num_gpus+8+max_num_seqs+512+num_request_repeats+1+dataset_split+train+num_requests+1024+seed+48105
1763561271	30.57775712	4802.894	512	8	num_gpus+8+max_num_seqs+512+num_request_repeats+1+dataset_split+train+num_requests+1024+seed+48105
1763561271	30.67781591	4782.331	512	8	num_gpus+8+max_num_seqs+512+num_request_repeats+1+dataset_split+train+num_requests+1024+seed+48105
1763561271	30.77787447	4750.768	512	8	num_gpus+8+max_num_seqs+512+num_request_repeats+1+dataset_split+train+num_requests+1024+seed+48105
1763561271	30.87793255	4785.035	512	8	num_gpus+8+max_num_seqs+512+num_request_repeats+1+dataset_split+train+num_requests+1024+seed+48105
1763561271	30.97799039	4754.403	512	8	num_gpus+8+max_num_seqs+512+num_request_repeats+1+dataset_split+train+num_requests+1024+seed+48105
1763561271	31.07805109	4742.427	512	8	num_gpus+8+max_num_seqs+512+num_request_repeats+1+dataset_split+train+num_requests+1024+seed+48105
1763561271	31.17810893	4981.88	512	8	num_gpus+8+max_num_seqs+512+num_request_repeats+1+dataset_split+train+num_requests+1024+seed+48105
1763561271	31.27816677	4875.857	512	8	num_gpus+8+max_num_seqs+512+num_request_repeats+1+dataset_split+train+num_requests+1024+seed+48105
1763561272	31.37822556	4751.631	512	8	num_gpus+8+max_num_seqs+512+num_request_repeats+1+dataset_split+train+num_requests+1024+seed+48105
1763561272	31.47828484	4731.749	512	8	num_gpus+8+max_num_seqs+512+num_request_repeats+1+dataset_split+train+num_requests+1024+seed+48105
1763561272	31.57834387	4782.041	512	8	num_gpus+8+max_num_seqs+512+num_request_repeats+1+dataset_split+train+num_requests+1024+seed+48105
1763561272	31.67840147	5113.15	512	8	num_gpus+8+max_num_seqs+512+num_request_repeats+1+dataset_split+train+num_requests+1024+seed+48105
1763561272	31.7784586	5175.527	512	8	num_gpus+8+max_num_seqs+512+num_request_repeats+1+dataset_split+train+num_requests+1024+seed+48105
1763561272	31.87851834	5140.251	512	8	num_gpus+8+max_num_seqs+512+num_request_repeats+1+dataset_split+train+num_requests+1024+seed+48105
1763561272	31.97857666	4670.714	512	8	num_gpus+8+max_num_seqs+512+num_request_repeats+1+dataset_split+train+num_requests+1024+seed+48105
1763561272	32.07863522	4801.503	512	8	num_gpus+8+max_num_seqs+512+num_request_repeats+1+dataset_split+train+num_requests+1024+seed+48105
1763561272	32.17869306	4618.438	512	8	num_gpus+8+max_num_seqs+512+num_request_repeats+1+dataset_split+train+num_requests+1024+seed+48105
1763561272	32.27875209	4951.557	512	8	num_gpus+8+max_num_seqs+512+num_request_repeats+1+dataset_split+train+num_requests+1024+seed+48105
1763561273	32.37881112	4896.988	512	8	num_gpus+8+max_num_seqs+512+num_request_repeats+1+dataset_split+train+num_requests+1024+seed+48105
1763561273	32.47886944	4735.237	512	8	num_gpus+8+max_num_seqs+512+num_request_repeats+1+dataset_split+train+num_requests+1024+seed+48105
1763561273	32.57892776	4852.013	512	8	num_gpus+8+max_num_seqs+512+num_request_repeats+1+dataset_split+train+num_requests+1024+seed+48105
1763561273	32.67898607	4666.474	512	8	num_gpus+8+max_num_seqs+512+num_request_repeats+1+dataset_split+train+num_requests+1024+seed+48105
1763561273	32.77904415	5061.239	512	8	num_gpus+8+max_num_seqs+512+num_request_repeats+1+dataset_split+train+num_requests+1024+seed+48105
1763561273	32.87910199	5128.08	512	8	num_gpus+8+max_num_seqs+512+num_request_repeats+1+dataset_split+train+num_requests+1024+seed+48105
1763561273	32.97916031	4916.621	512	8	num_gpus+8+max_num_seqs+512+num_request_repeats+1+dataset_split+train+num_requests+1024+seed+48105
1763561273	33.07921624	4697.8	512	8	num_gpus+8+max_num_seqs+512+num_request_repeats+1+dataset_split+train+num_requests+1024+seed+48105
1763561273	33.1792748	4736.804	512	8	num_gpus+8+max_num_seqs+512+num_request_repeats+1+dataset_split+train+num_requests+1024+seed+48105
1763561273	33.27933288	4585.373	512	8	num_gpus+8+max_num_seqs+512+num_request_repeats+1+dataset_split+train+num_requests+1024+seed+48105
1763561274	33.37938809	4810.482	512	8	num_gpus+8+max_num_seqs+512+num_request_repeats+1+dataset_split+train+num_requests+1024+seed+48105
1763561274	33.4794457	5007.885	512	8	num_gpus+8+max_num_seqs+512+num_request_repeats+1+dataset_split+train+num_requests+1024+seed+48105
1763561274	33.57950473	5050.361	512	8	num_gpus+8+max_num_seqs+512+num_request_repeats+1+dataset_split+train+num_requests+1024+seed+48105
1763561274	33.67956328	4684.58	512	8	num_gpus+8+max_num_seqs+512+num_request_repeats+1+dataset_split+train+num_requests+1024+seed+48105
1763561274	33.77961922	4795.869	512	8	num_gpus+8+max_num_seqs+512+num_request_repeats+1+dataset_split+train+num_requests+1024+seed+48105
1763561274	33.87967753	4755.189	512	8	num_gpus+8+max_num_seqs+512+num_request_repeats+1+dataset_split+train+num_requests+1024+seed+48105
1763561274	33.97973561	4845.771	512	8	num_gpus+8+max_num_seqs+512+num_request_repeats+1+dataset_split+train+num_requests+1024+seed+48105
1763561274	34.07979441	5155.458	512	8	num_gpus+8+max_num_seqs+512+num_request_repeats+1+dataset_split+train+num_requests+1024+seed+48105
1763561274	34.1798532	5096.728	512	8	num_gpus+8+max_num_seqs+512+num_request_repeats+1+dataset_split+train+num_requests+1024+seed+48105
1763561274	34.27991199	4684.429	512	8	num_gpus+8+max_num_seqs+512+num_request_repeats+1+dataset_split+train+num_requests+1024+seed+48105
1763561275	34.37997079	4741.469	512	8	num_gpus+8+max_num_seqs+512+num_request_repeats+1+dataset_split+train+num_requests+1024+seed+48105
1763561275	34.48002815	4898.362	512	8	num_gpus+8+max_num_seqs+512+num_request_repeats+1+dataset_split+train+num_requests+1024+seed+48105
1763561275	34.58008814	4920.66	512	8	num_gpus+8+max_num_seqs+512+num_request_repeats+1+dataset_split+train+num_requests+1024+seed+48105
1763561275	34.68014622	4579.593	512	8	num_gpus+8+max_num_seqs+512+num_request_repeats+1+dataset_split+train+num_requests+1024+seed+48105
1763561275	34.78020477	4802.632	512	8	num_gpus+8+max_num_seqs+512+num_request_repeats+1+dataset_split+train+num_requests+1024+seed+48105
1763561275	34.88026309	4604.038	512	8	num_gpus+8+max_num_seqs+512+num_request_repeats+1+dataset_split+train+num_requests+1024+seed+48105
1763561275	34.98031831	4670.556	512	8	num_gpus+8+max_num_seqs+512+num_request_repeats+1+dataset_split+train+num_requests+1024+seed+48105
1763561275	35.08037329	4721.13	512	8	num_gpus+8+max_num_seqs+512+num_request_repeats+1+dataset_split+train+num_requests+1024+seed+48105
1763561275	35.18043089	4743.029	512	8	num_gpus+8+max_num_seqs+512+num_request_repeats+1+dataset_split+train+num_requests+1024+seed+48105
1763561275	35.28048849	4477.456	512	8	num_gpus+8+max_num_seqs+512+num_request_repeats+1+dataset_split+train+num_requests+1024+seed+48105
1763561276	35.38054681	4708.247	512	8	num_gpus+8+max_num_seqs+512+num_request_repeats+1+dataset_split+train+num_requests+1024+seed+48105
1763561276	35.48060536	4695.641	512	8	num_gpus+8+max_num_seqs+512+num_request_repeats+1+dataset_split+train+num_requests+1024+seed+48105
1763561276	35.58066463	4568.056	512	8	num_gpus+8+max_num_seqs+512+num_request_repeats+1+dataset_split+train+num_requests+1024+seed+48105
1763561276	35.68072248	4769.558	512	8	num_gpus+8+max_num_seqs+512+num_request_repeats+1+dataset_split+train+num_requests+1024+seed+48105
1763561276	35.78078079	4879.507	512	8	num_gpus+8+max_num_seqs+512+num_request_repeats+1+dataset_split+train+num_requests+1024+seed+48105
1763561276	35.88083982	5555.563	512	8	num_gpus+8+max_num_seqs+512+num_request_repeats+1+dataset_split+train+num_requests+1024+seed+48105
1763561276	35.98089743	5508.685	512	8	num_gpus+8+max_num_seqs+512+num_request_repeats+1+dataset_split+train+num_requests+1024+seed+48105
1763561276	36.08095527	5514.603	512	8	num_gpus+8+max_num_seqs+512+num_request_repeats+1+dataset_split+train+num_requests+1024+seed+48105
1763561276	36.18101287	5433.735	512	8	num_gpus+8+max_num_seqs+512+num_request_repeats+1+dataset_split+train+num_requests+1024+seed+48105
1763561276	36.28107119	5423.981	512	8	num_gpus+8+max_num_seqs+512+num_request_repeats+1+dataset_split+train+num_requests+1024+seed+48105
1763561277	36.38112974	5599.435	512	8	num_gpus+8+max_num_seqs+512+num_request_repeats+1+dataset_split+train+num_requests+1024+seed+48105
1763561277	36.48118758	5612.253	512	8	num_gpus+8+max_num_seqs+512+num_request_repeats+1+dataset_split+train+num_requests+1024+seed+48105
1763561277	36.58124495	5487.773	512	8	num_gpus+8+max_num_seqs+512+num_request_repeats+1+dataset_split+train+num_requests+1024+seed+48105
1763561277	36.68130255	5457.202	512	8	num_gpus+8+max_num_seqs+512+num_request_repeats+1+dataset_split+train+num_requests+1024+seed+48105
1763561277	36.78135943	5573.306	512	8	num_gpus+8+max_num_seqs+512+num_request_repeats+1+dataset_split+train+num_requests+1024+seed+48105
1763561277	36.88141704	5572.486	512	8	num_gpus+8+max_num_seqs+512+num_request_repeats+1+dataset_split+train+num_requests+1024+seed+48105
1763561277	36.98147488	5526.416	512	8	num_gpus+8+max_num_seqs+512+num_request_repeats+1+dataset_split+train+num_requests+1024+seed+48105
1763561277	37.18158722	5445.06	512	8	num_gpus+8+max_num_seqs+512+num_request_repeats+1+dataset_split+train+num_requests+1024+seed+48105
1763561277	37.28164482	5494.061	512	8	num_gpus+8+max_num_seqs+512+num_request_repeats+1+dataset_split+train+num_requests+1024+seed+48105
1763561278	37.38170242	5496.943	512	8	num_gpus+8+max_num_seqs+512+num_request_repeats+1+dataset_split+train+num_requests+1024+seed+48105
1763561278	37.48176074	5477.839	512	8	num_gpus+8+max_num_seqs+512+num_request_repeats+1+dataset_split+train+num_requests+1024+seed+48105
1763561278	37.58181858	4649.252	512	8	num_gpus+8+max_num_seqs+512+num_request_repeats+1+dataset_split+train+num_requests+1024+seed+48105
1763561278	37.68187594	4674.371	512	8	num_gpus+8+max_num_seqs+512+num_request_repeats+1+dataset_split+train+num_requests+1024+seed+48105
1763561278	37.78193426	5525.672	512	8	num_gpus+8+max_num_seqs+512+num_request_repeats+1+dataset_split+train+num_requests+1024+seed+48105
1763561278	37.88199162	5300.871	512	8	num_gpus+8+max_num_seqs+512+num_request_repeats+1+dataset_split+train+num_requests+1024+seed+48105
1763561278	37.98205042	4744.397	512	8	num_gpus+8+max_num_seqs+512+num_request_repeats+1+dataset_split+train+num_requests+1024+seed+48105
1763561278	38.08210826	4717.359	512	8	num_gpus+8+max_num_seqs+512+num_request_repeats+1+dataset_split+train+num_requests+1024+seed+48105
1763561278	38.18216753	4673.237	512	8	num_gpus+8+max_num_seqs+512+num_request_repeats+1+dataset_split+train+num_requests+1024+seed+48105
1763561278	38.28222418	4805.226	512	8	num_gpus+8+max_num_seqs+512+num_request_repeats+1+dataset_split+train+num_requests+1024+seed+48105
1763561279	38.38227916	5554.641	512	8	num_gpus+8+max_num_seqs+512+num_request_repeats+1+dataset_split+train+num_requests+1024+seed+48105
1763561279	38.48233414	5493.627	512	8	num_gpus+8+max_num_seqs+512+num_request_repeats+1+dataset_split+train+num_requests+1024+seed+48105
1763561279	38.58239245	5503.507	512	8	num_gpus+8+max_num_seqs+512+num_request_repeats+1+dataset_split+train+num_requests+1024+seed+48105
1763561279	38.68245029	5523.059	512	8	num_gpus+8+max_num_seqs+512+num_request_repeats+1+dataset_split+train+num_requests+1024+seed+48105
1763561279	38.78250766	5451.082	512	8	num_gpus+8+max_num_seqs+512+num_request_repeats+1+dataset_split+train+num_requests+1024+seed+48105
1763561279	38.88256454	5487.668	512	8	num_gpus+8+max_num_seqs+512+num_request_repeats+1+dataset_split+train+num_requests+1024+seed+48105
1763561279	38.98262215	5461.902	512	8	num_gpus+8+max_num_seqs+512+num_request_repeats+1+dataset_split+train+num_requests+1024+seed+48105
1763561279	39.08268237	4745.099	512	8	num_gpus+8+max_num_seqs+512+num_request_repeats+1+dataset_split+train+num_requests+1024+seed+48105
1763561279	39.18274093	4989.717	512	8	num_gpus+8+max_num_seqs+512+num_request_repeats+1+dataset_split+train+num_requests+1024+seed+48105
1763561279	39.28280067	4882.632	512	8	num_gpus+8+max_num_seqs+512+num_request_repeats+1+dataset_split+train+num_requests+1024+seed+48105
1763561280	39.38285923	4795.768	512	8	num_gpus+8+max_num_seqs+512+num_request_repeats+1+dataset_split+train+num_requests+1024+seed+48105
1763561280	39.48291874	5083.337	512	8	num_gpus+8+max_num_seqs+512+num_request_repeats+1+dataset_split+train+num_requests+1024+seed+48105
1763561280	39.58297801	4749.368	512	8	num_gpus+8+max_num_seqs+512+num_request_repeats+1+dataset_split+train+num_requests+1024+seed+48105
1763561280	39.68303657	4978.241	512	8	num_gpus+8+max_num_seqs+512+num_request_repeats+1+dataset_split+train+num_requests+1024+seed+48105
1763561280	39.7830956	4470.492	512	8	num_gpus+8+max_num_seqs+512+num_request_repeats+1+dataset_split+train+num_requests+1024+seed+48105
1763561280	39.88315463	4593.609	512	8	num_gpus+8+max_num_seqs+512+num_request_repeats+1+dataset_split+train+num_requests+1024+seed+48105
1763561280	39.98321295	4784.096	512	8	num_gpus+8+max_num_seqs+512+num_request_repeats+1+dataset_split+train+num_requests+1024+seed+48105
1763561280	40.08327055	4751.714	512	8	num_gpus+8+max_num_seqs+512+num_request_repeats+1+dataset_split+train+num_requests+1024+seed+48105
1763561280	40.18332767	4568.712	512	8	num_gpus+8+max_num_seqs+512+num_request_repeats+1+dataset_split+train+num_requests+1024+seed+48105
1763561280	40.28338623	4760.182	512	8	num_gpus+8+max_num_seqs+512+num_request_repeats+1+dataset_split+train+num_requests+1024+seed+48105
1763561281	40.38344359	4625.932	512	8	num_gpus+8+max_num_seqs+512+num_request_repeats+1+dataset_split+train+num_requests+1024+seed+48105
1763561281	40.48350191	4768.005	512	8	num_gpus+8+max_num_seqs+512+num_request_repeats+1+dataset_split+train+num_requests+1024+seed+48105
1763561281	40.58355975	5076.772	512	8	num_gpus+8+max_num_seqs+512+num_request_repeats+1+dataset_split+train+num_requests+1024+seed+48105
1763561281	40.68361735	5007.058	512	8	num_gpus+8+max_num_seqs+512+num_request_repeats+1+dataset_split+train+num_requests+1024+seed+48105
1763561281	40.78367615	5178.426	512	8	num_gpus+8+max_num_seqs+512+num_request_repeats+1+dataset_split+train+num_requests+1024+seed+48105
1763561281	40.88373423	4757.988	512	8	num_gpus+8+max_num_seqs+512+num_request_repeats+1+dataset_split+train+num_requests+1024+seed+48105
1763561281	40.98379207	4614.397	512	8	num_gpus+8+max_num_seqs+512+num_request_repeats+1+dataset_split+train+num_requests+1024+seed+48105
1763561281	41.08385062	5283.886	512	8	num_gpus+8+max_num_seqs+512+num_request_repeats+1+dataset_split+train+num_requests+1024+seed+48105
1763561281	41.18390799	4922.862	512	8	num_gpus+8+max_num_seqs+512+num_request_repeats+1+dataset_split+train+num_requests+1024+seed+48105
1763561281	41.28396606	5186.968	512	8	num_gpus+8+max_num_seqs+512+num_request_repeats+1+dataset_split+train+num_requests+1024+seed+48105
1763561282	41.38402438	4806.773	512	8	num_gpus+8+max_num_seqs+512+num_request_repeats+1+dataset_split+train+num_requests+1024+seed+48105
1763561282	41.48408461	4812.63	512	8	num_gpus+8+max_num_seqs+512+num_request_repeats+1+dataset_split+train+num_requests+1024+seed+48105
1763561282	41.58414268	4990.38	512	8	num_gpus+8+max_num_seqs+512+num_request_repeats+1+dataset_split+train+num_requests+1024+seed+48105
1763561282	41.68420076	5277.89	512	8	num_gpus+8+max_num_seqs+512+num_request_repeats+1+dataset_split+train+num_requests+1024+seed+48105
1763561282	41.78425837	5251.217	512	8	num_gpus+8+max_num_seqs+512+num_request_repeats+1+dataset_split+train+num_requests+1024+seed+48105
1763561282	41.88431692	4723.436	512	8	num_gpus+8+max_num_seqs+512+num_request_repeats+1+dataset_split+train+num_requests+1024+seed+48105
1763561282	41.984375	5127.618	512	8	num_gpus+8+max_num_seqs+512+num_request_repeats+1+dataset_split+train+num_requests+1024+seed+48105
1763561282	42.0844326	5533.56	512	8	num_gpus+8+max_num_seqs+512+num_request_repeats+1+dataset_split+train+num_requests+1024+seed+48105
1763561282	42.1844914	5566.961	512	8	num_gpus+8+max_num_seqs+512+num_request_repeats+1+dataset_split+train+num_requests+1024+seed+48105
1763561282	42.28454995	4606.128	512	8	num_gpus+8+max_num_seqs+512+num_request_repeats+1+dataset_split+train+num_requests+1024+seed+48105
1763561283	42.38460779	5546.885	512	8	num_gpus+8+max_num_seqs+512+num_request_repeats+1+dataset_split+train+num_requests+1024+seed+48105
1763561283	42.48466945	5253.423	512	8	num_gpus+8+max_num_seqs+512+num_request_repeats+1+dataset_split+train+num_requests+1024+seed+48105
1763561283	42.58472705	5447.551	512	8	num_gpus+8+max_num_seqs+512+num_request_repeats+1+dataset_split+train+num_requests+1024+seed+48105
1763561283	42.68478441	5305.088	512	8	num_gpus+8+max_num_seqs+512+num_request_repeats+1+dataset_split+train+num_requests+1024+seed+48105
1763561283	42.78484201	5394.795	512	8	num_gpus+8+max_num_seqs+512+num_request_repeats+1+dataset_split+train+num_requests+1024+seed+48105
1763561283	42.88489914	5528.434	512	8	num_gpus+8+max_num_seqs+512+num_request_repeats+1+dataset_split+train+num_requests+1024+seed+48105
1763561283	42.98495579	5613.811	512	8	num_gpus+8+max_num_seqs+512+num_request_repeats+1+dataset_split+train+num_requests+1024+seed+48105
1763561283	43.08501363	4836.219	512	8	num_gpus+8+max_num_seqs+512+num_request_repeats+1+dataset_split+train+num_requests+1024+seed+48105
1763561283	43.18507171	4682.449	512	8	num_gpus+8+max_num_seqs+512+num_request_repeats+1+dataset_split+train+num_requests+1024+seed+48105
1763561283	43.28512955	4815.37	512	8	num_gpus+8+max_num_seqs+512+num_request_repeats+1+dataset_split+train+num_requests+1024+seed+48105
1763561284	43.3851881	4581.67	512	8	num_gpus+8+max_num_seqs+512+num_request_repeats+1+dataset_split+train+num_requests+1024+seed+48105
1763561284	43.48524809	4771.546	512	8	num_gpus+8+max_num_seqs+512+num_request_repeats+1+dataset_split+train+num_requests+1024+seed+48105
1763561284	43.58530688	5284.837	512	8	num_gpus+8+max_num_seqs+512+num_request_repeats+1+dataset_split+train+num_requests+1024+seed+48105
1763561284	43.68536496	5391.95	512	8	num_gpus+8+max_num_seqs+512+num_request_repeats+1+dataset_split+train+num_requests+1024+seed+48105
1763561284	43.78542233	5097.939	512	8	num_gpus+8+max_num_seqs+512+num_request_repeats+1+dataset_split+train+num_requests+1024+seed+48105
1763561284	43.88548017	5229.539	512	8	num_gpus+8+max_num_seqs+512+num_request_repeats+1+dataset_split+train+num_requests+1024+seed+48105
1763561284	43.98553443	5588.01	512	8	num_gpus+8+max_num_seqs+512+num_request_repeats+1+dataset_split+train+num_requests+1024+seed+48105
1763561284	44.08558965	4478.566	512	8	num_gpus+8+max_num_seqs+512+num_request_repeats+1+dataset_split+train+num_requests+1024+seed+48105
1763561284	44.18564487	4805.509	512	8	num_gpus+8+max_num_seqs+512+num_request_repeats+1+dataset_split+train+num_requests+1024+seed+48105
1763561284	44.28570056	4571.78	512	8	num_gpus+8+max_num_seqs+512+num_request_repeats+1+dataset_split+train+num_requests+1024+seed+48105
1763561285	44.38575721	4844.035	512	8	num_gpus+8+max_num_seqs+512+num_request_repeats+1+dataset_split+train+num_requests+1024+seed+48105
1763561285	44.48581219	4727.521	512	8	num_gpus+8+max_num_seqs+512+num_request_repeats+1+dataset_split+train+num_requests+1024+seed+48105
1763561285	44.58586955	4720.173	512	8	num_gpus+8+max_num_seqs+512+num_request_repeats+1+dataset_split+train+num_requests+1024+seed+48105
1763561285	44.68592572	4798.302	512	8	num_gpus+8+max_num_seqs+512+num_request_repeats+1+dataset_split+train+num_requests+1024+seed+48105
1763561285	44.78598475	4797.387	512	8	num_gpus+8+max_num_seqs+512+num_request_repeats+1+dataset_split+train+num_requests+1024+seed+48105
1763561285	44.88604307	4781.774	512	8	num_gpus+8+max_num_seqs+512+num_request_repeats+1+dataset_split+train+num_requests+1024+seed+48105
1763561285	44.98610044	5118.514	512	8	num_gpus+8+max_num_seqs+512+num_request_repeats+1+dataset_split+train+num_requests+1024+seed+48105
1763561285	45.08615923	4779.446	512	8	num_gpus+8+max_num_seqs+512+num_request_repeats+1+dataset_split+train+num_requests+1024+seed+48105
1763561285	45.18621778	5040.655	512	8	num_gpus+8+max_num_seqs+512+num_request_repeats+1+dataset_split+train+num_requests+1024+seed+48105
1763561285	45.28627276	5278.618	512	8	num_gpus+8+max_num_seqs+512+num_request_repeats+1+dataset_split+train+num_requests+1024+seed+48105
1763561286	45.3863287	5021.199	512	8	num_gpus+8+max_num_seqs+512+num_request_repeats+1+dataset_split+train+num_requests+1024+seed+48105
1763561286	45.48638821	4762.884	512	8	num_gpus+8+max_num_seqs+512+num_request_repeats+1+dataset_split+train+num_requests+1024+seed+48105
1763561286	45.58644557	4860.692	512	8	num_gpus+8+max_num_seqs+512+num_request_repeats+1+dataset_split+train+num_requests+1024+seed+48105
1763561286	45.68650484	5190.783	512	8	num_gpus+8+max_num_seqs+512+num_request_repeats+1+dataset_split+train+num_requests+1024+seed+48105
1763561286	45.7865634	5184.403	512	8	num_gpus+8+max_num_seqs+512+num_request_repeats+1+dataset_split+train+num_requests+1024+seed+48105
1763561286	45.886621	5148.901	512	8	num_gpus+8+max_num_seqs+512+num_request_repeats+1+dataset_split+train+num_requests+1024+seed+48105
1763561286	45.98668122	4695.859	512	8	num_gpus+8+max_num_seqs+512+num_request_repeats+1+dataset_split+train+num_requests+1024+seed+48105
1763561286	46.08673739	4845.531	512	8	num_gpus+8+max_num_seqs+512+num_request_repeats+1+dataset_split+train+num_requests+1024+seed+48105
1763561286	46.18679571	4910.438	512	8	num_gpus+8+max_num_seqs+512+num_request_repeats+1+dataset_split+train+num_requests+1024+seed+48105
1763561286	46.28685308	4756.596	512	8	num_gpus+8+max_num_seqs+512+num_request_repeats+1+dataset_split+train+num_requests+1024+seed+48105
1763561287	46.38691115	4662.509	512	8	num_gpus+8+max_num_seqs+512+num_request_repeats+1+dataset_split+train+num_requests+1024+seed+48105
1763561287	46.48697162	4837.357	512	8	num_gpus+8+max_num_seqs+512+num_request_repeats+1+dataset_split+train+num_requests+1024+seed+48105
1763561287	46.58703041	4617.67	512	8	num_gpus+8+max_num_seqs+512+num_request_repeats+1+dataset_split+train+num_requests+1024+seed+48105
1763561287	46.68708825	4840.481	512	8	num_gpus+8+max_num_seqs+512+num_request_repeats+1+dataset_split+train+num_requests+1024+seed+48105
1763561287	46.78714681	4635.699	512	8	num_gpus+8+max_num_seqs+512+num_request_repeats+1+dataset_split+train+num_requests+1024+seed+48105
1763561287	46.88720679	4715.073	512	8	num_gpus+8+max_num_seqs+512+num_request_repeats+1+dataset_split+train+num_requests+1024+seed+48105
1763561287	46.98726511	4871.466	512	8	num_gpus+8+max_num_seqs+512+num_request_repeats+1+dataset_split+train+num_requests+1024+seed+48105
1763561287	47.08732319	4996.25	512	8	num_gpus+8+max_num_seqs+512+num_request_repeats+1+dataset_split+train+num_requests+1024+seed+48105
1763561287	47.18738198	4658.085	512	8	num_gpus+8+max_num_seqs+512+num_request_repeats+1+dataset_split+train+num_requests+1024+seed+48105
1763561287	47.28744173	4874.904	512	8	num_gpus+8+max_num_seqs+512+num_request_repeats+1+dataset_split+train+num_requests+1024+seed+48105
1763561288	47.38749981	4679.798	512	8	num_gpus+8+max_num_seqs+512+num_request_repeats+1+dataset_split+train+num_requests+1024+seed+48105
1763561288	47.4875586	4820.023	512	8	num_gpus+8+max_num_seqs+512+num_request_repeats+1+dataset_split+train+num_requests+1024+seed+48105
1763561288	47.58761406	4884.357	512	8	num_gpus+8+max_num_seqs+512+num_request_repeats+1+dataset_split+train+num_requests+1024+seed+48105
1763561288	47.68767238	5179.36	512	8	num_gpus+8+max_num_seqs+512+num_request_repeats+1+dataset_split+train+num_requests+1024+seed+48105
1763561288	47.78773022	4609.919	512	8	num_gpus+8+max_num_seqs+512+num_request_repeats+1+dataset_split+train+num_requests+1024+seed+48105
1763561288	47.8877883	4741.064	512	8	num_gpus+8+max_num_seqs+512+num_request_repeats+1+dataset_split+train+num_requests+1024+seed+48105
1763561288	47.98784637	4728.347	512	8	num_gpus+8+max_num_seqs+512+num_request_repeats+1+dataset_split+train+num_requests+1024+seed+48105
1763561288	48.08790517	4758.093	512	8	num_gpus+8+max_num_seqs+512+num_request_repeats+1+dataset_split+train+num_requests+1024+seed+48105
1763561288	48.18796396	4628.65	512	8	num_gpus+8+max_num_seqs+512+num_request_repeats+1+dataset_split+train+num_requests+1024+seed+48105
1763561288	48.28802276	4718.869	512	8	num_gpus+8+max_num_seqs+512+num_request_repeats+1+dataset_split+train+num_requests+1024+seed+48105
1763561289	48.38808179	4755.822	512	8	num_gpus+8+max_num_seqs+512+num_request_repeats+1+dataset_split+train+num_requests+1024+seed+48105
1763561289	48.48814178	4735.857	512	8	num_gpus+8+max_num_seqs+512+num_request_repeats+1+dataset_split+train+num_requests+1024+seed+48105
1763561289	48.58820081	5001.336	512	8	num_gpus+8+max_num_seqs+512+num_request_repeats+1+dataset_split+train+num_requests+1024+seed+48105
1763561289	48.68825936	5264.546	512	8	num_gpus+8+max_num_seqs+512+num_request_repeats+1+dataset_split+train+num_requests+1024+seed+48105
1763561289	48.78832006	5104.184	512	8	num_gpus+8+max_num_seqs+512+num_request_repeats+1+dataset_split+train+num_requests+1024+seed+48105
1763561289	48.88837862	4773.983	512	8	num_gpus+8+max_num_seqs+512+num_request_repeats+1+dataset_split+train+num_requests+1024+seed+48105
1763561289	48.98843479	4995.494	512	8	num_gpus+8+max_num_seqs+512+num_request_repeats+1+dataset_split+train+num_requests+1024+seed+48105
1763561289	49.08849359	4694.738	512	8	num_gpus+8+max_num_seqs+512+num_request_repeats+1+dataset_split+train+num_requests+1024+seed+48105
1763561289	49.18855119	5043.399	512	8	num_gpus+8+max_num_seqs+512+num_request_repeats+1+dataset_split+train+num_requests+1024+seed+48105
1763561289	49.2886107	4658.446	512	8	num_gpus+8+max_num_seqs+512+num_request_repeats+1+dataset_split+train+num_requests+1024+seed+48105
1763561290	49.38866878	4800.385	512	8	num_gpus+8+max_num_seqs+512+num_request_repeats+1+dataset_split+train+num_requests+1024+seed+48105
1763561290	49.58878589	5402.057	512	8	num_gpus+8+max_num_seqs+512+num_request_repeats+1+dataset_split+train+num_requests+1024+seed+48105
1763561290	49.68884206	4686.562	512	8	num_gpus+8+max_num_seqs+512+num_request_repeats+1+dataset_split+train+num_requests+1024+seed+48105
1763561290	49.78890061	5067.994	512	8	num_gpus+8+max_num_seqs+512+num_request_repeats+1+dataset_split+train+num_requests+1024+seed+48105
1763561290	49.88895965	5014.043	512	8	num_gpus+8+max_num_seqs+512+num_request_repeats+1+dataset_split+train+num_requests+1024+seed+48105
1763561290	49.98901892	5121.231	512	8	num_gpus+8+max_num_seqs+512+num_request_repeats+1+dataset_split+train+num_requests+1024+seed+48105
1763561290	50.08907723	4647.416	512	8	num_gpus+8+max_num_seqs+512+num_request_repeats+1+dataset_split+train+num_requests+1024+seed+48105
1763561290	50.18913555	4941.361	512	8	num_gpus+8+max_num_seqs+512+num_request_repeats+1+dataset_split+train+num_requests+1024+seed+48105
1763561290	50.28919744	4586.097	512	8	num_gpus+8+max_num_seqs+512+num_request_repeats+1+dataset_split+train+num_requests+1024+seed+48105
1763561291	50.38925695	4872.602	512	8	num_gpus+8+max_num_seqs+512+num_request_repeats+1+dataset_split+train+num_requests+1024+seed+48105
1763561291	50.48931694	4791.317	512	8	num_gpus+8+max_num_seqs+512+num_request_repeats+1+dataset_split+train+num_requests+1024+seed+48105
1763561291	50.5893755	5035.346	512	8	num_gpus+8+max_num_seqs+512+num_request_repeats+1+dataset_split+train+num_requests+1024+seed+48105
1763561291	50.68943357	4768.983	512	8	num_gpus+8+max_num_seqs+512+num_request_repeats+1+dataset_split+train+num_requests+1024+seed+48105
1763561291	50.78949356	4569.587	512	8	num_gpus+8+max_num_seqs+512+num_request_repeats+1+dataset_split+train+num_requests+1024+seed+48105
1763561291	50.88955164	4816.462	512	8	num_gpus+8+max_num_seqs+512+num_request_repeats+1+dataset_split+train+num_requests+1024+seed+48105
1763561291	50.9896102	4745.474	512	8	num_gpus+8+max_num_seqs+512+num_request_repeats+1+dataset_split+train+num_requests+1024+seed+48105
1763561291	51.08966947	4813.26	512	8	num_gpus+8+max_num_seqs+512+num_request_repeats+1+dataset_split+train+num_requests+1024+seed+48105
1763561291	51.18972707	4957.913	512	8	num_gpus+8+max_num_seqs+512+num_request_repeats+1+dataset_split+train+num_requests+1024+seed+48105
1763561291	51.28978419	5485.532	512	8	num_gpus+8+max_num_seqs+512+num_request_repeats+1+dataset_split+train+num_requests+1024+seed+48105
1763561292	51.38984275	4960.131	512	8	num_gpus+8+max_num_seqs+512+num_request_repeats+1+dataset_split+train+num_requests+1024+seed+48105
1763561292	51.48990202	4572.805	512	8	num_gpus+8+max_num_seqs+512+num_request_repeats+1+dataset_split+train+num_requests+1024+seed+48105
1763561292	51.58995986	5151.573	512	8	num_gpus+8+max_num_seqs+512+num_request_repeats+1+dataset_split+train+num_requests+1024+seed+48105
1763561292	51.69001746	5493.297	512	8	num_gpus+8+max_num_seqs+512+num_request_repeats+1+dataset_split+train+num_requests+1024+seed+48105
1763561292	51.79007578	5090.806	512	8	num_gpus+8+max_num_seqs+512+num_request_repeats+1+dataset_split+train+num_requests+1024+seed+48105
1763561292	51.89013386	5027.877	512	8	num_gpus+8+max_num_seqs+512+num_request_repeats+1+dataset_split+train+num_requests+1024+seed+48105
1763561292	51.99019217	4787.184	512	8	num_gpus+8+max_num_seqs+512+num_request_repeats+1+dataset_split+train+num_requests+1024+seed+48105
1763561292	52.09025073	4029.117	512	8	num_gpus+8+max_num_seqs+512+num_request_repeats+1+dataset_split+train+num_requests+1024+seed+48105
1763561292	52.19030857	4576.77	512	8	num_gpus+8+max_num_seqs+512+num_request_repeats+1+dataset_split+train+num_requests+1024+seed+48105
1763561292	52.29036736	4759.312	512	8	num_gpus+8+max_num_seqs+512+num_request_repeats+1+dataset_split+train+num_requests+1024+seed+48105
1763561293	52.39042616	4687.279	512	8	num_gpus+8+max_num_seqs+512+num_request_repeats+1+dataset_split+train+num_requests+1024+seed+48105
1763561293	52.49048352	5285.626	512	8	num_gpus+8+max_num_seqs+512+num_request_repeats+1+dataset_split+train+num_requests+1024+seed+48105
1763561293	52.59054184	5354.976	512	8	num_gpus+8+max_num_seqs+512+num_request_repeats+1+dataset_split+train+num_requests+1024+seed+48105
1763561293	52.6905992	4992.454	512	8	num_gpus+8+max_num_seqs+512+num_request_repeats+1+dataset_split+train+num_requests+1024+seed+48105
1763561293	52.79065776	5174.443	512	8	num_gpus+8+max_num_seqs+512+num_request_repeats+1+dataset_split+train+num_requests+1024+seed+48105
1763561293	52.89071679	5166.156	512	8	num_gpus+8+max_num_seqs+512+num_request_repeats+1+dataset_split+train+num_requests+1024+seed+48105
1763561293	52.99077559	5396.589	512	8	num_gpus+8+max_num_seqs+512+num_request_repeats+1+dataset_split+train+num_requests+1024+seed+48105
1763561293	53.09083366	5387.618	512	8	num_gpus+8+max_num_seqs+512+num_request_repeats+1+dataset_split+train+num_requests+1024+seed+48105
1763561293	53.19089365	4941.714	512	8	num_gpus+8+max_num_seqs+512+num_request_repeats+1+dataset_split+train+num_requests+1024+seed+48105
1763561293	53.29095316	4963.405	512	8	num_gpus+8+max_num_seqs+512+num_request_repeats+1+dataset_split+train+num_requests+1024+seed+48105
1763561294	53.39101052	5102.831	512	8	num_gpus+8+max_num_seqs+512+num_request_repeats+1+dataset_split+train+num_requests+1024+seed+48105
1763561294	53.49106979	4805.702	512	8	num_gpus+8+max_num_seqs+512+num_request_repeats+1+dataset_split+train+num_requests+1024+seed+48105
1763561294	53.59112787	4587.132	512	8	num_gpus+8+max_num_seqs+512+num_request_repeats+1+dataset_split+train+num_requests+1024+seed+48105
1763561294	53.69118595	4834.161	512	8	num_gpus+8+max_num_seqs+512+num_request_repeats+1+dataset_split+train+num_requests+1024+seed+48105
1763561294	53.79124546	4763.856	512	8	num_gpus+8+max_num_seqs+512+num_request_repeats+1+dataset_split+train+num_requests+1024+seed+48105
1763561294	53.89130497	4647.761	512	8	num_gpus+8+max_num_seqs+512+num_request_repeats+1+dataset_split+train+num_requests+1024+seed+48105
1763561294	53.99136305	4697.892	512	8	num_gpus+8+max_num_seqs+512+num_request_repeats+1+dataset_split+train+num_requests+1024+seed+48105
1763561294	54.09142113	4864.232	512	8	num_gpus+8+max_num_seqs+512+num_request_repeats+1+dataset_split+train+num_requests+1024+seed+48105
1763561294	54.19147825	5181.322	512	8	num_gpus+8+max_num_seqs+512+num_request_repeats+1+dataset_split+train+num_requests+1024+seed+48105
1763561294	54.29153609	4699.426	512	8	num_gpus+8+max_num_seqs+512+num_request_repeats+1+dataset_split+train+num_requests+1024+seed+48105
1763561295	54.39159513	4581.477	512	8	num_gpus+8+max_num_seqs+512+num_request_repeats+1+dataset_split+train+num_requests+1024+seed+48105
1763561295	54.49165344	4773.161	512	8	num_gpus+8+max_num_seqs+512+num_request_repeats+1+dataset_split+train+num_requests+1024+seed+48105
1763561295	54.59171224	4855.136	512	8	num_gpus+8+max_num_seqs+512+num_request_repeats+1+dataset_split+train+num_requests+1024+seed+48105
1763561295	54.69177008	5162.216	512	8	num_gpus+8+max_num_seqs+512+num_request_repeats+1+dataset_split+train+num_requests+1024+seed+48105
1763561295	54.79182601	5621.879	512	8	num_gpus+8+max_num_seqs+512+num_request_repeats+1+dataset_split+train+num_requests+1024+seed+48105
1763561295	54.89188504	4826.044	512	8	num_gpus+8+max_num_seqs+512+num_request_repeats+1+dataset_split+train+num_requests+1024+seed+48105
1763561295	54.99194312	4630.731	512	8	num_gpus+8+max_num_seqs+512+num_request_repeats+1+dataset_split+train+num_requests+1024+seed+48105
1763561295	55.09200788	4734.991	512	8	num_gpus+8+max_num_seqs+512+num_request_repeats+1+dataset_split+train+num_requests+1024+seed+48105
1763561295	55.19206524	4997.009	512	8	num_gpus+8+max_num_seqs+512+num_request_repeats+1+dataset_split+train+num_requests+1024+seed+48105
1763561295	55.29212284	5247.488	512	8	num_gpus+8+max_num_seqs+512+num_request_repeats+1+dataset_split+train+num_requests+1024+seed+48105
1763561296	55.39218283	5009.604	512	8	num_gpus+8+max_num_seqs+512+num_request_repeats+1+dataset_split+train+num_requests+1024+seed+48105
1763561296	55.49224091	5299.739	512	8	num_gpus+8+max_num_seqs+512+num_request_repeats+1+dataset_split+train+num_requests+1024+seed+48105
1763561296	55.59229875	5284.958	512	8	num_gpus+8+max_num_seqs+512+num_request_repeats+1+dataset_split+train+num_requests+1024+seed+48105
1763561296	55.69235611	5579.895	512	8	num_gpus+8+max_num_seqs+512+num_request_repeats+1+dataset_split+train+num_requests+1024+seed+48105
1763561296	55.79241395	5409.244	512	8	num_gpus+8+max_num_seqs+512+num_request_repeats+1+dataset_split+train+num_requests+1024+seed+48105
1763561296	55.89247131	5480.775	512	8	num_gpus+8+max_num_seqs+512+num_request_repeats+1+dataset_split+train+num_requests+1024+seed+48105
1763561296	55.99252844	5556.836	512	8	num_gpus+8+max_num_seqs+512+num_request_repeats+1+dataset_split+train+num_requests+1024+seed+48105
1763561296	56.09258604	4851.661	512	8	num_gpus+8+max_num_seqs+512+num_request_repeats+1+dataset_split+train+num_requests+1024+seed+48105
1763561296	56.19264388	5103.571	512	8	num_gpus+8+max_num_seqs+512+num_request_repeats+1+dataset_split+train+num_requests+1024+seed+48105
1763561296	56.2927022	4875.684	512	8	num_gpus+8+max_num_seqs+512+num_request_repeats+1+dataset_split+train+num_requests+1024+seed+48105
1763561297	56.39276123	4628.085	512	8	num_gpus+8+max_num_seqs+512+num_request_repeats+1+dataset_split+train+num_requests+1024+seed+48105
1763561297	56.49281955	4804.002	512	8	num_gpus+8+max_num_seqs+512+num_request_repeats+1+dataset_split+train+num_requests+1024+seed+48105
1763561297	56.5928781	4672.716	512	8	num_gpus+8+max_num_seqs+512+num_request_repeats+1+dataset_split+train+num_requests+1024+seed+48105
1763561297	56.69293404	4778.894	512	8	num_gpus+8+max_num_seqs+512+num_request_repeats+1+dataset_split+train+num_requests+1024+seed+48105
1763561297	56.79299283	4679.737	512	8	num_gpus+8+max_num_seqs+512+num_request_repeats+1+dataset_split+train+num_requests+1024+seed+48105
1763561297	56.89305067	4768.548	512	8	num_gpus+8+max_num_seqs+512+num_request_repeats+1+dataset_split+train+num_requests+1024+seed+48105
1763561297	56.99310827	4771.678	512	8	num_gpus+8+max_num_seqs+512+num_request_repeats+1+dataset_split+train+num_requests+1024+seed+48105
1763561297	57.09316587	4660.242	512	8	num_gpus+8+max_num_seqs+512+num_request_repeats+1+dataset_split+train+num_requests+1024+seed+48105
1763561297	57.19322443	4766.071	512	8	num_gpus+8+max_num_seqs+512+num_request_repeats+1+dataset_split+train+num_requests+1024+seed+48105
1763561297	57.29328227	5711.188	512	8	num_gpus+8+max_num_seqs+512+num_request_repeats+1+dataset_split+train+num_requests+1024+seed+48105
1763561298	57.39333987	5473.405	512	8	num_gpus+8+max_num_seqs+512+num_request_repeats+1+dataset_split+train+num_requests+1024+seed+48105
1763561298	57.493397	5690.972	512	8	num_gpus+8+max_num_seqs+512+num_request_repeats+1+dataset_split+train+num_requests+1024+seed+48105
1763561298	57.59345484	5530.906	512	8	num_gpus+8+max_num_seqs+512+num_request_repeats+1+dataset_split+train+num_requests+1024+seed+48105
1763561298	57.69351244	5616.616	512	8	num_gpus+8+max_num_seqs+512+num_request_repeats+1+dataset_split+train+num_requests+1024+seed+48105
1763561298	57.7935698	5605.738	512	8	num_gpus+8+max_num_seqs+512+num_request_repeats+1+dataset_split+train+num_requests+1024+seed+48105
1763561298	57.89362454	5564.8	512	8	num_gpus+8+max_num_seqs+512+num_request_repeats+1+dataset_split+train+num_requests+1024+seed+48105
1763561298	57.99368167	5534.746	512	8	num_gpus+8+max_num_seqs+512+num_request_repeats+1+dataset_split+train+num_requests+1024+seed+48105
1763561298	58.09373927	4999.218	512	8	num_gpus+8+max_num_seqs+512+num_request_repeats+1+dataset_split+train+num_requests+1024+seed+48105
1763561298	58.19379663	4406.728	512	8	num_gpus+8+max_num_seqs+512+num_request_repeats+1+dataset_split+train+num_requests+1024+seed+48105
1763561298	58.29385543	4664.75	512	8	num_gpus+8+max_num_seqs+512+num_request_repeats+1+dataset_split+train+num_requests+1024+seed+48105
1763561299	58.39391065	5127.574	512	8	num_gpus+8+max_num_seqs+512+num_request_repeats+1+dataset_split+train+num_requests+1024+seed+48105
1763561299	58.49396873	5475.636	512	8	num_gpus+8+max_num_seqs+512+num_request_repeats+1+dataset_split+train+num_requests+1024+seed+48105
1763561299	58.59402657	5239.749	512	8	num_gpus+8+max_num_seqs+512+num_request_repeats+1+dataset_split+train+num_requests+1024+seed+48105
1763561299	58.69408607	5097.699	512	8	num_gpus+8+max_num_seqs+512+num_request_repeats+1+dataset_split+train+num_requests+1024+seed+48105
1763561299	58.79414487	4887.882	512	8	num_gpus+8+max_num_seqs+512+num_request_repeats+1+dataset_split+train+num_requests+1024+seed+48105
1763561299	58.8942008	5341.163	512	8	num_gpus+8+max_num_seqs+512+num_request_repeats+1+dataset_split+train+num_requests+1024+seed+48105
1763561299	58.99425936	5079.111	512	8	num_gpus+8+max_num_seqs+512+num_request_repeats+1+dataset_split+train+num_requests+1024+seed+48105
1763561299	59.09431434	4915.071	512	8	num_gpus+8+max_num_seqs+512+num_request_repeats+1+dataset_split+train+num_requests+1024+seed+48105
1763561299	59.19436908	5060.854	512	8	num_gpus+8+max_num_seqs+512+num_request_repeats+1+dataset_split+train+num_requests+1024+seed+48105
1763561299	59.29442501	5029.755	512	8	num_gpus+8+max_num_seqs+512+num_request_repeats+1+dataset_split+train+num_requests+1024+seed+48105
1763561300	59.39448094	4601.43	512	8	num_gpus+8+max_num_seqs+512+num_request_repeats+1+dataset_split+train+num_requests+1024+seed+48105
1763561300	59.49453664	4803.91	512	8	num_gpus+8+max_num_seqs+512+num_request_repeats+1+dataset_split+train+num_requests+1024+seed+48105
1763561300	59.59459257	4510.851	512	8	num_gpus+8+max_num_seqs+512+num_request_repeats+1+dataset_split+train+num_requests+1024+seed+48105
1763561300	59.69465065	4916.821	512	8	num_gpus+8+max_num_seqs+512+num_request_repeats+1+dataset_split+train+num_requests+1024+seed+48105
1763561300	59.79470968	4574.933	512	8	num_gpus+8+max_num_seqs+512+num_request_repeats+1+dataset_split+train+num_requests+1024+seed+48105
1763561300	59.89476776	4706.603	512	8	num_gpus+8+max_num_seqs+512+num_request_repeats+1+dataset_split+train+num_requests+1024+seed+48105
1763561300	59.99482369	4675.574	512	8	num_gpus+8+max_num_seqs+512+num_request_repeats+1+dataset_split+train+num_requests+1024+seed+48105
1763561300	60.09488201	4801.98	512	8	num_gpus+8+max_num_seqs+512+num_request_repeats+1+dataset_split+train+num_requests+1024+seed+48105
1763561300	60.19493794	4881.342	512	8	num_gpus+8+max_num_seqs+512+num_request_repeats+1+dataset_split+train+num_requests+1024+seed+48105
1763561300	60.2949934	5217.979	512	8	num_gpus+8+max_num_seqs+512+num_request_repeats+1+dataset_split+train+num_requests+1024+seed+48105
1763561301	60.39505172	5178.903	512	8	num_gpus+8+max_num_seqs+512+num_request_repeats+1+dataset_split+train+num_requests+1024+seed+48105
1763561301	60.49510837	4836.51	512	8	num_gpus+8+max_num_seqs+512+num_request_repeats+1+dataset_split+train+num_requests+1024+seed+48105
1763561301	60.5951643	5360.986	512	8	num_gpus+8+max_num_seqs+512+num_request_repeats+1+dataset_split+train+num_requests+1024+seed+48105
1763561301	60.69522214	5229.924	512	8	num_gpus+8+max_num_seqs+512+num_request_repeats+1+dataset_split+train+num_requests+1024+seed+48105
1763561301	60.79528022	4741.747	512	8	num_gpus+8+max_num_seqs+512+num_request_repeats+1+dataset_split+train+num_requests+1024+seed+48105
1763561301	60.89533854	4581.324	512	8	num_gpus+8+max_num_seqs+512+num_request_repeats+1+dataset_split+train+num_requests+1024+seed+48105
1763561301	60.99539685	4817.549	512	8	num_gpus+8+max_num_seqs+512+num_request_repeats+1+dataset_split+train+num_requests+1024+seed+48105
1763561301	61.09545493	4502.832	512	8	num_gpus+8+max_num_seqs+512+num_request_repeats+1+dataset_split+train+num_requests+1024+seed+48105
1763561301	61.19551229	4904.092	512	8	num_gpus+8+max_num_seqs+512+num_request_repeats+1+dataset_split+train+num_requests+1024+seed+48105
1763561301	61.29557014	4604.427	512	8	num_gpus+8+max_num_seqs+512+num_request_repeats+1+dataset_split+train+num_requests+1024+seed+48105
1763561302	61.39562774	4851.232	512	8	num_gpus+8+max_num_seqs+512+num_request_repeats+1+dataset_split+train+num_requests+1024+seed+48105
1763561302	61.49568677	4774.792	512	8	num_gpus+8+max_num_seqs+512+num_request_repeats+1+dataset_split+train+num_requests+1024+seed+48105
1763561302	61.5957458	4834.982	512	8	num_gpus+8+max_num_seqs+512+num_request_repeats+1+dataset_split+train+num_requests+1024+seed+48105
1763561302	61.69580269	4647.648	512	8	num_gpus+8+max_num_seqs+512+num_request_repeats+1+dataset_split+train+num_requests+1024+seed+48105
1763561302	61.79586101	4958.461	512	8	num_gpus+8+max_num_seqs+512+num_request_repeats+1+dataset_split+train+num_requests+1024+seed+48105
1763561302	61.89591932	5254.3	512	8	num_gpus+8+max_num_seqs+512+num_request_repeats+1+dataset_split+train+num_requests+1024+seed+48105
1763561302	61.99597716	5225.242	512	8	num_gpus+8+max_num_seqs+512+num_request_repeats+1+dataset_split+train+num_requests+1024+seed+48105
1763561302	62.19609427	4767.279	512	8	num_gpus+8+max_num_seqs+512+num_request_repeats+1+dataset_split+train+num_requests+1024+seed+48105
1763561302	62.29615355	5292.406	512	8	num_gpus+8+max_num_seqs+512+num_request_repeats+1+dataset_split+train+num_requests+1024+seed+48105
1763561303	62.3962121	5262.955	512	8	num_gpus+8+max_num_seqs+512+num_request_repeats+1+dataset_split+train+num_requests+1024+seed+48105
1763561303	62.49627042	4962.507	512	8	num_gpus+8+max_num_seqs+512+num_request_repeats+1+dataset_split+train+num_requests+1024+seed+48105
1763561303	62.59632587	5135.901	512	8	num_gpus+8+max_num_seqs+512+num_request_repeats+1+dataset_split+train+num_requests+1024+seed+48105
1763561303	62.696383	4709.052	512	8	num_gpus+8+max_num_seqs+512+num_request_repeats+1+dataset_split+train+num_requests+1024+seed+48105
1763561303	62.79643917	4713.601	512	8	num_gpus+8+max_num_seqs+512+num_request_repeats+1+dataset_split+train+num_requests+1024+seed+48105
1763561303	62.89649415	5680.227	512	8	num_gpus+8+max_num_seqs+512+num_request_repeats+1+dataset_split+train+num_requests+1024+seed+48105
1763561303	62.9965508	5524.564	512	8	num_gpus+8+max_num_seqs+512+num_request_repeats+1+dataset_split+train+num_requests+1024+seed+48105
1763561303	63.09660888	5542.369	512	8	num_gpus+8+max_num_seqs+512+num_request_repeats+1+dataset_split+train+num_requests+1024+seed+48105
1763561303	63.19666767	5390.77	512	8	num_gpus+8+max_num_seqs+512+num_request_repeats+1+dataset_split+train+num_requests+1024+seed+48105
1763561303	63.29672527	5441.488	512	8	num_gpus+8+max_num_seqs+512+num_request_repeats+1+dataset_split+train+num_requests+1024+seed+48105
1763561304	63.39678359	5087.978	512	8	num_gpus+8+max_num_seqs+512+num_request_repeats+1+dataset_split+train+num_requests+1024+seed+48105
1763561304	63.49684143	4732.723	512	8	num_gpus+8+max_num_seqs+512+num_request_repeats+1+dataset_split+train+num_requests+1024+seed+48105
1763561304	63.59689713	4635.145	512	8	num_gpus+8+max_num_seqs+512+num_request_repeats+1+dataset_split+train+num_requests+1024+seed+48105
1763561304	63.6969552	5106.659	512	8	num_gpus+8+max_num_seqs+512+num_request_repeats+1+dataset_split+train+num_requests+1024+seed+48105
1763561304	63.79701281	5175.366	512	8	num_gpus+8+max_num_seqs+512+num_request_repeats+1+dataset_split+train+num_requests+1024+seed+48105
1763561304	63.89707303	4890.192	512	8	num_gpus+8+max_num_seqs+512+num_request_repeats+1+dataset_split+train+num_requests+1024+seed+48105
1763561304	63.99713182	4826.003	512	8	num_gpus+8+max_num_seqs+512+num_request_repeats+1+dataset_split+train+num_requests+1024+seed+48105
1763561304	64.09719038	5004.801	512	8	num_gpus+8+max_num_seqs+512+num_request_repeats+1+dataset_split+train+num_requests+1024+seed+48105
1763561304	64.19724822	4767.304	512	8	num_gpus+8+max_num_seqs+512+num_request_repeats+1+dataset_split+train+num_requests+1024+seed+48105
1763561304	64.29730701	4758.04	512	8	num_gpus+8+max_num_seqs+512+num_request_repeats+1+dataset_split+train+num_requests+1024+seed+48105
1763561305	64.39736652	4598.88	512	8	num_gpus+8+max_num_seqs+512+num_request_repeats+1+dataset_split+train+num_requests+1024+seed+48105
1763561305	64.49742627	4833.915	512	8	num_gpus+8+max_num_seqs+512+num_request_repeats+1+dataset_split+train+num_requests+1024+seed+48105
1763561305	64.59748483	4671.973	512	8	num_gpus+8+max_num_seqs+512+num_request_repeats+1+dataset_split+train+num_requests+1024+seed+48105
1763561305	64.69754267	4809.548	512	8	num_gpus+8+max_num_seqs+512+num_request_repeats+1+dataset_split+train+num_requests+1024+seed+48105
1763561305	64.79760218	4714.945	512	8	num_gpus+8+max_num_seqs+512+num_request_repeats+1+dataset_split+train+num_requests+1024+seed+48105
1763561305	64.89766502	4674.466	512	8	num_gpus+8+max_num_seqs+512+num_request_repeats+1+dataset_split+train+num_requests+1024+seed+48105
1763561305	64.99772334	4884.708	512	8	num_gpus+8+max_num_seqs+512+num_request_repeats+1+dataset_split+train+num_requests+1024+seed+48105
1763561305	65.09778023	5278.059	512	8	num_gpus+8+max_num_seqs+512+num_request_repeats+1+dataset_split+train+num_requests+1024+seed+48105
1763561305	65.19783783	5196.275	512	8	num_gpus+8+max_num_seqs+512+num_request_repeats+1+dataset_split+train+num_requests+1024+seed+48105
1763561305	65.29789686	4749.13	512	8	num_gpus+8+max_num_seqs+512+num_request_repeats+1+dataset_split+train+num_requests+1024+seed+48105
1763561306	65.39795685	5058.76	512	8	num_gpus+8+max_num_seqs+512+num_request_repeats+1+dataset_split+train+num_requests+1024+seed+48105
1763561306	65.49801612	5198.912	512	8	num_gpus+8+max_num_seqs+512+num_request_repeats+1+dataset_split+train+num_requests+1024+seed+48105
1763561306	65.59807158	5250.383	512	8	num_gpus+8+max_num_seqs+512+num_request_repeats+1+dataset_split+train+num_requests+1024+seed+48105
1763561306	65.69812655	5258.172	512	8	num_gpus+8+max_num_seqs+512+num_request_repeats+1+dataset_split+train+num_requests+1024+seed+48105
1763561306	65.79818249	4865.612	512	8	num_gpus+8+max_num_seqs+512+num_request_repeats+1+dataset_split+train+num_requests+1024+seed+48105
1763561306	65.89823842	4683.8	512	8	num_gpus+8+max_num_seqs+512+num_request_repeats+1+dataset_split+train+num_requests+1024+seed+48105
1763561306	65.99829745	5029.02	512	8	num_gpus+8+max_num_seqs+512+num_request_repeats+1+dataset_split+train+num_requests+1024+seed+48105
1763561306	66.09835267	5301.926	512	8	num_gpus+8+max_num_seqs+512+num_request_repeats+1+dataset_split+train+num_requests+1024+seed+48105
1763561306	66.19840932	4926.762	512	8	num_gpus+8+max_num_seqs+512+num_request_repeats+1+dataset_split+train+num_requests+1024+seed+48105
1763561306	66.29846668	4651.035	512	8	num_gpus+8+max_num_seqs+512+num_request_repeats+1+dataset_split+train+num_requests+1024+seed+48105
1763561307	66.39852214	4817.825	512	8	num_gpus+8+max_num_seqs+512+num_request_repeats+1+dataset_split+train+num_requests+1024+seed+48105
1763561307	66.49858069	5230.007	512	8	num_gpus+8+max_num_seqs+512+num_request_repeats+1+dataset_split+train+num_requests+1024+seed+48105
1763561307	66.59863639	4742.726	512	8	num_gpus+8+max_num_seqs+512+num_request_repeats+1+dataset_split+train+num_requests+1024+seed+48105
1763561307	66.69869471	4638.228	512	8	num_gpus+8+max_num_seqs+512+num_request_repeats+1+dataset_split+train+num_requests+1024+seed+48105
1763561307	66.79875112	5111.596	512	8	num_gpus+8+max_num_seqs+512+num_request_repeats+1+dataset_split+train+num_requests+1024+seed+48105
1763561307	66.89880633	5059.598	512	8	num_gpus+8+max_num_seqs+512+num_request_repeats+1+dataset_split+train+num_requests+1024+seed+48105
1763561307	66.99886203	4796.24	512	8	num_gpus+8+max_num_seqs+512+num_request_repeats+1+dataset_split+train+num_requests+1024+seed+48105
1763561307	67.09892058	4600.097	512	8	num_gpus+8+max_num_seqs+512+num_request_repeats+1+dataset_split+train+num_requests+1024+seed+48105
1763561307	67.19897962	4671.42	512	8	num_gpus+8+max_num_seqs+512+num_request_repeats+1+dataset_split+train+num_requests+1024+seed+48105
1763561307	67.29903507	4832.564	512	8	num_gpus+8+max_num_seqs+512+num_request_repeats+1+dataset_split+train+num_requests+1024+seed+48105
1763561308	67.39909267	5104.225	512	8	num_gpus+8+max_num_seqs+512+num_request_repeats+1+dataset_split+train+num_requests+1024+seed+48105
1763561308	67.4991498	5153.248	512	8	num_gpus+8+max_num_seqs+512+num_request_repeats+1+dataset_split+train+num_requests+1024+seed+48105
1763561308	67.59920788	4812.191	512	8	num_gpus+8+max_num_seqs+512+num_request_repeats+1+dataset_split+train+num_requests+1024+seed+48105
1763561308	67.69926333	4739.009	512	8	num_gpus+8+max_num_seqs+512+num_request_repeats+1+dataset_split+train+num_requests+1024+seed+48105
1763561308	67.79931808	5433.359	512	8	num_gpus+8+max_num_seqs+512+num_request_repeats+1+dataset_split+train+num_requests+1024+seed+48105
1763561308	67.89937305	5444.891	512	8	num_gpus+8+max_num_seqs+512+num_request_repeats+1+dataset_split+train+num_requests+1024+seed+48105
1763561308	67.99942994	5322.352	512	8	num_gpus+8+max_num_seqs+512+num_request_repeats+1+dataset_split+train+num_requests+1024+seed+48105
1763561308	68.09948802	5345.813	512	8	num_gpus+8+max_num_seqs+512+num_request_repeats+1+dataset_split+train+num_requests+1024+seed+48105
1763561308	68.19954586	4818.58	512	8	num_gpus+8+max_num_seqs+512+num_request_repeats+1+dataset_split+train+num_requests+1024+seed+48105
1763561308	68.29960489	4604.271	512	8	num_gpus+8+max_num_seqs+512+num_request_repeats+1+dataset_split+train+num_requests+1024+seed+48105
1763561309	68.3996644	4689.024	512	8	num_gpus+8+max_num_seqs+512+num_request_repeats+1+dataset_split+train+num_requests+1024+seed+48105
1763561309	68.49972391	4729.478	512	8	num_gpus+8+max_num_seqs+512+num_request_repeats+1+dataset_split+train+num_requests+1024+seed+48105
1763561309	68.59978199	4699.517	512	8	num_gpus+8+max_num_seqs+512+num_request_repeats+1+dataset_split+train+num_requests+1024+seed+48105
1763561309	68.69984007	4765.86	512	8	num_gpus+8+max_num_seqs+512+num_request_repeats+1+dataset_split+train+num_requests+1024+seed+48105
1763561309	68.79989862	4596.952	512	8	num_gpus+8+max_num_seqs+512+num_request_repeats+1+dataset_split+train+num_requests+1024+seed+48105
1763561309	68.89995813	4721.938	512	8	num_gpus+8+max_num_seqs+512+num_request_repeats+1+dataset_split+train+num_requests+1024+seed+48105
1763561309	69.00001693	4591.351	512	8	num_gpus+8+max_num_seqs+512+num_request_repeats+1+dataset_split+train+num_requests+1024+seed+48105
1763561309	69.10007238	5448.538	512	8	num_gpus+8+max_num_seqs+512+num_request_repeats+1+dataset_split+train+num_requests+1024+seed+48105
1763561309	69.20012975	5355.012	512	8	num_gpus+8+max_num_seqs+512+num_request_repeats+1+dataset_split+train+num_requests+1024+seed+48105
1763561309	69.30018568	5331.549	512	8	num_gpus+8+max_num_seqs+512+num_request_repeats+1+dataset_split+train+num_requests+1024+seed+48105
1763561310	69.40024304	5423.243	512	8	num_gpus+8+max_num_seqs+512+num_request_repeats+1+dataset_split+train+num_requests+1024+seed+48105
1763561310	69.50029755	5422.587	512	8	num_gpus+8+max_num_seqs+512+num_request_repeats+1+dataset_split+train+num_requests+1024+seed+48105
1763561310	69.60035682	4553.012	512	8	num_gpus+8+max_num_seqs+512+num_request_repeats+1+dataset_split+train+num_requests+1024+seed+48105
1763561310	69.70041537	5287.894	512	8	num_gpus+8+max_num_seqs+512+num_request_repeats+1+dataset_split+train+num_requests+1024+seed+48105
1763561310	69.80047011	5253.074	512	8	num_gpus+8+max_num_seqs+512+num_request_repeats+1+dataset_split+train+num_requests+1024+seed+48105
1763561310	69.90052629	5277.282	512	8	num_gpus+8+max_num_seqs+512+num_request_repeats+1+dataset_split+train+num_requests+1024+seed+48105
1763561310	70.0005815	4716.131	512	8	num_gpus+8+max_num_seqs+512+num_request_repeats+1+dataset_split+train+num_requests+1024+seed+48105
1763561310	70.10064006	4711.993	512	8	num_gpus+8+max_num_seqs+512+num_request_repeats+1+dataset_split+train+num_requests+1024+seed+48105
1763561310	70.20069742	5193.041	512	8	num_gpus+8+max_num_seqs+512+num_request_repeats+1+dataset_split+train+num_requests+1024+seed+48105
1763561310	70.30075288	5215.688	512	8	num_gpus+8+max_num_seqs+512+num_request_repeats+1+dataset_split+train+num_requests+1024+seed+48105
1763561311	70.40081048	5009.774	512	8	num_gpus+8+max_num_seqs+512+num_request_repeats+1+dataset_split+train+num_requests+1024+seed+48105
1763561311	70.50086641	5360.127	512	8	num_gpus+8+max_num_seqs+512+num_request_repeats+1+dataset_split+train+num_requests+1024+seed+48105
1763561311	70.60092521	5338.452	512	8	num_gpus+8+max_num_seqs+512+num_request_repeats+1+dataset_split+train+num_requests+1024+seed+48105
1763561311	70.70098281	5191.583	512	8	num_gpus+8+max_num_seqs+512+num_request_repeats+1+dataset_split+train+num_requests+1024+seed+48105
1763561311	70.80104256	4657.483	512	8	num_gpus+8+max_num_seqs+512+num_request_repeats+1+dataset_split+train+num_requests+1024+seed+48105
1763561311	70.90110111	4698.003	512	8	num_gpus+8+max_num_seqs+512+num_request_repeats+1+dataset_split+train+num_requests+1024+seed+48105s